Rk,Player,Ht,Season,Age,Team,G,GS,AS,MP,FG,FGA,2P,2PA,3P,3PA,FT,FTA,ORB,DRB,TRB,AST,STL,BLK,TOV,PF,PTS,FG%,2P%,3P%,FT%,TS%,eFG%,Pos,Player-additional
1,Zach Edey,7-4,2024-25,22,MEM,66,55,0,1416,251,433,233,381,18,52,90,127,232,316,548,65,36,85,88,182,610,0.58,0.612,0.346,0.709,0.624,0.6,C,edeyza01
2,Bol Bol,7-3,2024-25,25,PHO,36,10,0,448,96,183,64,90,32,93,20,26,20,84,104,22,9,25,20,20,244,0.525,0.711,0.344,0.769,0.627,0.612,F-C,bolbo01
3,Victor Wembanyama,7-3,2024-25,21,SAS,46,46,1,1527,408,857,266,454,142,403,158,189,82,424,506,168,52,176,149,105,1116,0.476,0.586,0.352,0.836,0.594,0.559,C-F,wembavi01
4,Moses Brown,7-2,2024-25,25,DALIND,13,2,0,119,34,49,34,49,0,0,8,11,12,32,44,2,6,4,11,17,76,0.694,0.694,,0.727,0.706,0.694,C,brownmo01
5,Donovan Clingan,7-2,2024-25,20,POR,67,37,0,1324,180,334,166,285,14,49,62,104,217,310,527,77,34,110,72,189,436,0.539,0.582,0.286,0.596,0.574,0.56,C,clingdo01
6,Luke Kornet,7-2,2024-25,29,BOS,73,16,0,1361,187,280,187,277,0,3,67,97,190,198,388,117,36,71,31,119,441,0.668,0.675,0,0.691,0.683,0.668,C-F,kornelu01
7,Kristaps Porziņģis,7-2,2024-25,29,BOS,42,42,0,1210,277,574,174,324,103,250,161,199,68,216,284,87,31,63,53,116,818,0.483,0.537,0.412,0.809,0.618,0.572,F-C,porzikr01
8,Rudy Gobert,7-1,2024-25,32,MIN,72,72,0,2388,341,510,341,510,0,0,184,273,265,520,785,127,56,104,89,182,866,0.669,0.669,,0.674,0.687,0.669,C,goberru01
9,Chet Holmgren,7-1,2024-25,22,OKC,32,32,0,877,167,341,123,225,44,116,101,134,48,209,257,63,23,71,56,72,479,0.49,0.547,0.379,0.754,0.599,0.554,F-C,holmgch01
10,Jay Huff,7-1,2024-25,26,MEM,64,2,0,748,157,305,76,105,81,200,44,56,30,99,129,38,16,56,34,78,439,0.515,0.724,0.405,0.786,0.666,0.648,F-C,huffja01
11,Christian Koloko,7-1,2024-25,24,LAL,37,0,0,342,40,66,40,62,0,4,10,14,35,57,92,16,8,16,12,44,90,0.606,0.645,0,0.714,0.624,0.606,C,kolokch01
12,Dereck Lively II,7-1,2024-25,20,DAL,36,29,0,833,134,191,134,191,0,0,46,73,104,166,270,85,20,56,41,100,314,0.702,0.702,,0.63,0.704,0.702,C,livelde01
13,Brook Lopez,7-1,2024-25,36,MIL,80,80,0,2546,394,774,255,401,139,373,114,138,113,288,401,143,50,148,84,171,1041,0.509,0.636,0.373,0.826,0.624,0.599,C,lopezbr01
14,Deandre Ayton,7-0,2024-25,26,POR,40,40,0,1206,265,468,259,436,6,32,40,60,124,282,406,64,31,39,69,88,576,0.566,0.594,0.188,0.667,0.583,0.573,C,aytonde01
15,Mo Bamba,7-0,2024-25,26,LACNOP,32,2,0,413,52,112,37,58,15,54,19,27,32,113,145,18,9,31,20,56,138,0.464,0.638,0.278,0.704,0.557,0.531,C,bambamo01
16,Branden Carlson,7-0,2024-25,25,OKC,32,0,0,246,43,97,21,31,22,66,14,18,17,37,54,14,5,21,7,22,122,0.443,0.677,0.333,0.778,0.581,0.557,C,carlsbr01
17,Joel Embiid,7-0,2024-25,30,PHI,19,19,0,574,140,315,117,238,23,77,149,169,36,119,155,85,14,18,62,42,452,0.444,0.492,0.299,0.882,0.58,0.481,C,embiijo01
18,Isaiah Hartenstein,7-0,2024-25,26,OKC,57,53,0,1590,279,480,279,461,0,19,79,117,163,448,611,219,47,62,96,171,637,0.581,0.605,0,0.675,0.599,0.581,F,harteis01
19,Jaxson Hayes,7-0,2024-25,24,LAL,56,35,0,1093,161,223,161,220,0,3,61,98,78,191,269,58,31,51,43,136,383,0.722,0.732,0,0.622,0.72,0.722,F,hayesja02
20,Ariel Hukporti,7-0,2024-25,22,NYK,25,1,0,217,21,31,21,31,0,0,6,13,14,37,51,11,1,15,21,32,48,0.677,0.677,,0.462,0.654,0.677,C,hukpoar01
21,Kylor Kelley,7-0,2024-25,27,DALNOP,11,2,0,126,14,22,14,22,0,0,6,10,12,27,39,5,1,3,4,15,34,0.636,0.636,,0.6,0.644,0.636,F,kelleky01
22,Walker Kessler,7-0,2024-25,23,UTA,58,58,0,1740,278,419,272,385,6,34,79,152,266,441,707,97,36,138,86,130,641,0.663,0.706,0.176,0.52,0.66,0.671,C,kesslwa01
23,Alex Len,7-0,2024-25,31,LALSAC,46,7,0,380,32,63,30,54,2,9,8,17,38,57,95,38,9,21,20,56,74,0.508,0.556,0.222,0.471,0.525,0.524,C,lenal01
24,Lauri Markkanen,7-0,2024-25,27,UTA,47,47,0,1476,296,700,158,301,138,399,162,185,72,206,278,70,33,17,66,79,892,0.423,0.525,0.346,0.876,0.571,0.521,F-C,markkla01
25,Jusuf Nurkić,7-0,2024-25,30,CHOPHO,51,32,0,1063,168,352,136,247,32,105,85,128,85,313,398,115,40,34,97,130,453,0.477,0.551,0.305,0.664,0.555,0.523,C,nurkiju01
26,Jakob Poeltl,7-0,2024-25,29,TOR,57,56,0,1686,363,579,362,576,1,3,97,144,189,358,547,158,66,71,111,176,824,0.627,0.628,0.333,0.674,0.641,0.628,C,poeltja01
27,Quinten Post,7-0,2024-25,24,GSW,42,14,0,686,123,274,50,95,73,179,21,27,35,113,148,56,16,18,33,83,340,0.449,0.526,0.408,0.778,0.595,0.582,F,postqu01
28,Neemias Queta,7-0,2024-25,25,BOS,62,6,0,863,132,203,132,200,0,3,46,61,89,147,236,45,18,42,40,106,310,0.65,0.66,0,0.754,0.674,0.65,C,quetane01
29,Nick Richards,7-0,2024-25,27,CHOPHO,57,43,0,1256,205,347,205,345,0,2,119,160,148,318,466,49,14,55,81,141,529,0.591,0.594,0,0.744,0.634,0.591,F-C,richani01
30,Liam Robbins,7-0,2024-25,25,MIL,13,0,0,57,2,8,2,6,0,2,5,10,7,5,12,2,2,2,6,9,9,0.25,0.333,0,0.5,0.363,0.25,F,robbili01
31,Mitchell Robinson,7-0,2024-25,26,NYK,17,3,0,290,37,56,37,56,0,0,13,19,52,49,101,13,16,18,10,26,87,0.661,0.661,,0.684,0.676,0.661,C,robinmi01
32,Orlando Robinson,7-0,2024-25,24,SACTOR,44,8,0,770,116,261,99,209,17,52,54,70,89,131,220,77,17,16,49,100,303,0.444,0.474,0.327,0.771,0.519,0.477,F,robinor01
33,Alex Sarr,7-0,2024-25,19,WAS,67,67,0,1814,326,828,221,487,105,341,112,165,124,311,435,161,44,101,114,146,869,0.394,0.454,0.308,0.679,0.482,0.457,F,sarral01
34,Karl-Anthony Towns,7-0,2024-25,29,NYK,72,72,1,2517,639,1215,497,877,142,338,339,409,212,708,920,222,71,50,192,249,1759,0.526,0.567,0.42,0.829,0.63,0.584,C-F,townska01
35,Kel'el Ware,7-0,2024-25,20,MIA,64,36,0,1422,257,464,222,353,35,111,46,67,116,357,473,60,39,71,57,111,595,0.554,0.629,0.315,0.687,0.603,0.592,C,wareke01
36,Mark Williams,7-0,2024-25,23,CHO,44,41,0,1171,270,447,270,443,0,4,131,163,132,315,447,109,32,54,71,105,671,0.604,0.609,0,0.804,0.647,0.604,C,willima07
37,James Wiseman,7-0,2024-25,23,IND,1,0,0,5,2,4,2,3,0,1,2,2,0,1,1,0,0,0,0,0,6,0.5,0.667,0,1,0.615,0.5,C,wisemja01
38,Ivica Zubac,7-0,2024-25,27,LAC,80,80,0,2624,592,942,592,942,0,0,156,236,300,710,1010,214,55,90,127,168,1340,0.628,0.628,,0.661,0.641,0.628,C,zubaciv01
39,Steven Adams,6-11,2024-25,31,HOU,58,3,0,794,91,167,91,165,0,2,43,93,166,161,327,66,22,28,54,60,225,0.545,0.552,0,0.462,0.541,0.545,C,adamsst01
40,Santi Aldama,6-11,2024-25,24,MEM,65,16,0,1660,313,648,193,322,120,326,65,94,94,322,416,188,52,29,71,76,811,0.483,0.599,0.368,0.691,0.588,0.576,F,aldamsa01
41,Jarrett Allen,6-11,2024-25,26,CLE,82,82,0,2296,452,640,452,635,0,5,199,277,216,582,798,158,77,73,97,127,1103,0.706,0.712,0,0.718,0.724,0.706,C-F,allenja01
42,Giannis Antetokounmpo,6-11,2024-25,30,MIL,67,67,1,2289,793,1319,779,1256,14,63,436,707,147,651,798,433,58,78,206,155,2036,0.601,0.62,0.222,0.617,0.625,0.607,F-G,antetgi01
43,Goga Bitadze,6-11,2024-25,25,ORL,70,42,0,1430,207,339,204,311,3,28,85,133,167,296,463,137,49,98,72,150,502,0.611,0.656,0.107,0.639,0.631,0.615,C,bitadgo01
44,Colin Castleton,6-11,2024-25,24,MEMPHITOR,26,4,0,432,46,98,44,82,2,16,29,38,53,69,122,28,8,10,23,51,123,0.469,0.537,0.125,0.763,0.536,0.48,F,castlco01
45,Nic Claxton,6-11,2024-25,25,BRK,70,62,0,1882,320,568,315,547,5,21,79,154,157,358,515,157,62,100,87,150,724,0.563,0.576,0.238,0.513,0.569,0.568,C,claxtni01
46,Zach Collins,6-11,2024-25,27,CHISAS,64,12,0,977,153,302,121,196,32,106,69,78,102,186,288,111,29,29,60,132,407,0.507,0.617,0.302,0.885,0.605,0.56,C-F,colliza01
47,Moussa Diabaté,6-11,2024-25,23,CHO,71,8,0,1241,167,280,167,274,0,6,69,116,187,251,438,56,46,40,61,109,403,0.596,0.609,0,0.595,0.609,0.596,F,diabamo01
48,Andre Drummond,6-11,2024-25,31,PHI,40,23,0,751,117,234,114,214,3,20,56,90,109,201,310,34,39,18,55,94,293,0.5,0.533,0.15,0.622,0.535,0.506,C,drumman01
49,Kevin Durant,6-11,2024-25,36,PHO,62,62,1,2265,592,1124,432,752,160,372,303,361,23,351,374,263,50,77,190,104,1647,0.527,0.574,0.43,0.839,0.642,0.598,F-G,duranke01
50,Jesse Edwards,6-11,2024-25,24,MIN,2,0,0,5,0,0,0,0,0,0,0,0,0,0,0,1,0,0,0,2,0,,,,,,,C,edwarje01
51,Kyle Filipowski,6-11,2024-25,21,UTA,72,27,0,1522,260,518,183,298,77,220,93,143,112,328,440,140,48,22,102,171,690,0.502,0.614,0.35,0.65,0.594,0.576,F-C,filipky01
52,Mouhamed Gueye,6-11,2024-25,22,ATL,33,28,0,533,72,171,51,90,21,81,32,42,44,95,139,27,28,33,15,55,197,0.421,0.567,0.259,0.762,0.52,0.482,F,gueyemo02
53,Trey Jemison,6-11,2024-25,25,LALNOP,38,0,0,392,41,74,41,74,0,0,13,33,44,61,105,16,9,15,24,69,95,0.554,0.554,,0.394,0.537,0.554,C,jemistr01
54,Nikola Jokić,6-11,2024-25,29,DEN,70,70,1,2571,786,1364,648,1033,138,331,361,451,200,692,892,716,127,45,230,160,2071,0.576,0.627,0.417,0.8,0.663,0.627,C-F,jokicni01
55,Kai Jones,6-11,2024-25,24,DALLAC,40,6,0,468,87,109,86,104,1,5,23,32,40,85,125,25,15,23,18,50,198,0.798,0.827,0.2,0.719,0.804,0.803,F-C,joneska01
56,DeAndre Jordan,6-11,2024-25,36,DEN,56,5,0,691,91,140,91,140,0,0,27,64,84,200,284,53,16,27,40,74,209,0.65,0.65,,0.422,0.621,0.65,C,jordade01
57,Jock Landale,6-11,2024-25,29,HOU,42,3,0,500,81,152,70,126,11,26,27,40,56,81,137,37,13,10,21,49,200,0.533,0.556,0.423,0.675,0.59,0.569,C,landajo01
58,Sandro Mamukelashvili,6-11,2024-25,25,SAS,61,0,0,681,141,281,81,120,60,161,43,58,62,125,187,48,22,17,26,60,385,0.502,0.675,0.373,0.741,0.628,0.609,C-F,mamuksa01
59,Karlo Matković,6-11,2024-25,23,NOP,42,7,0,791,135,235,114,169,21,66,34,44,64,145,209,46,22,41,43,106,325,0.574,0.675,0.318,0.773,0.639,0.619,F-C,matkoka01
60,Yves Missi,6-11,2024-25,20,NOP,73,67,0,1956,269,492,269,491,0,1,127,204,255,346,601,99,37,98,82,145,665,0.547,0.548,0,0.623,0.572,0.547,C,missiyv01
61,Evan Mobley,6-11,2024-25,23,CLE,71,71,1,2167,505,906,420,676,85,230,221,305,164,495,659,226,61,113,145,141,1316,0.557,0.621,0.37,0.725,0.633,0.604,F-C,mobleev01
62,Pete Nance,6-11,2024-25,24,MILPHI,13,1,0,138,14,32,5,8,9,24,1,2,5,16,21,10,2,2,4,17,38,0.438,0.625,0.375,0.5,0.578,0.578,F,nancepe01
63,N'Faly Dante,6-11,2024-25,23,HOU,4,0,0,51,10,13,10,13,0,0,4,5,6,15,21,2,1,5,2,9,24,0.769,0.769,,0.8,0.789,0.769,C,nfalyda01
64,Kelly Olynyk,6-11,2024-25,33,NOPTOR,44,22,0,891,134,268,101,189,33,79,83,108,62,144,206,128,33,19,76,123,384,0.5,0.534,0.418,0.769,0.609,0.562,C-F,olynyke01
65,Duop Reath,6-11,2024-25,28,POR,46,0,0,469,70,166,36,60,34,106,20,22,44,48,92,26,12,14,16,41,194,0.422,0.6,0.321,0.909,0.552,0.524,C,reathdu01
66,Alperen Şengün,6-11,2024-25,22,HOU,76,76,1,2395,567,1143,546,1053,21,90,296,428,262,524,786,372,84,61,194,209,1451,0.496,0.519,0.233,0.692,0.545,0.505,C-F,sengual01
67,Day'Ron Sharpe,6-11,2024-25,23,BRK,50,2,0,907,165,317,154,272,11,45,56,74,149,181,330,91,41,42,63,113,397,0.521,0.566,0.244,0.757,0.568,0.538,C,sharpda01
68,Jabari Smith Jr.,6-11,2024-25,21,HOU,57,39,0,1716,248,566,150,289,98,277,104,126,105,294,399,60,25,41,61,123,698,0.438,0.519,0.354,0.825,0.562,0.525,F,smithja05
69,Tyler Smith,6-11,2024-25,20,MIL,23,0,0,122,24,50,11,20,13,30,6,8,6,19,25,4,3,4,8,11,67,0.48,0.55,0.433,0.75,0.626,0.61,F,smithty02
70,Myles Turner,6-11,2024-25,28,IND,72,72,0,2174,390,811,234,417,156,394,184,238,90,381,471,111,54,144,123,183,1120,0.481,0.561,0.396,0.773,0.612,0.577,C-F,turnemy01
71,Jonas Valančiūnas,6-11,2024-25,32,SACWAS,81,21,0,1524,345,627,337,590,8,37,145,165,190,437,627,164,37,46,120,181,843,0.55,0.571,0.216,0.879,0.602,0.557,C,valanjo01
72,Moritz Wagner,6-11,2024-25,27,ORL,30,1,0,564,140,249,113,174,27,75,79,110,40,108,148,42,24,12,49,55,386,0.562,0.649,0.36,0.718,0.649,0.616,F-C,wagnemo01
73,Marvin Bagley III,6-10,2024-25,25,MEMWAS,31,2,0,265,55,106,52,87,3,19,23,35,38,46,84,11,9,8,12,18,136,0.519,0.598,0.158,0.657,0.56,0.533,F-C,baglema01
74,Paolo Banchero,6-10,2024-25,22,ORL,46,46,0,1582,412,911,325,639,87,272,280,385,51,294,345,219,36,28,136,97,1191,0.452,0.509,0.32,0.727,0.551,0.5,F,banchpa01
75,Charles Bassey,6-10,2024-25,24,SAS,36,1,0,376,68,117,68,117,0,0,21,33,56,96,152,17,14,30,23,50,157,0.581,0.581,,0.636,0.597,0.581,C,bassech01
76,Emoni Bates,6-10,2024-25,21,CLE,10,0,0,75,13,38,2,8,11,30,0,0,0,7,7,8,1,1,2,4,37,0.342,0.25,0.367,,0.487,0.487,G,batesem01
77,Adem Bona,6-10,2024-25,21,PHI,58,11,0,905,135,192,135,191,0,1,67,100,92,153,245,27,26,69,61,125,337,0.703,0.707,0,0.67,0.714,0.703,F-C,bonaad01
78,Tony Bradley,6-10,2024-25,27,IND,14,0,0,113,29,45,28,42,1,3,2,6,18,24,42,6,2,9,5,11,61,0.644,0.667,0.333,0.333,0.64,0.656,F-C,bradlto01
79,Thomas Bryant,6-10,2024-25,27,INDMIA,66,8,0,963,163,321,115,173,48,148,55,64,83,168,251,53,28,41,30,76,429,0.508,0.665,0.324,0.859,0.614,0.583,C,bryanth01
80,Matas Buzelis,6-10,2024-25,20,CHI,80,31,0,1511,252,555,156,289,96,266,88,108,55,223,278,79,29,75,74,128,688,0.454,0.54,0.361,0.815,0.571,0.541,F,buzelma01
81,Clint Capela,6-10,2024-25,30,ATL,55,41,0,1176,218,390,218,389,0,1,52,97,174,295,469,62,34,53,47,106,488,0.559,0.56,0,0.536,0.564,0.559,C,capelca01
82,Wendell Carter Jr.,6-10,2024-25,25,ORL,68,51,0,1758,226,491,189,333,37,158,129,175,151,341,492,134,52,41,77,199,618,0.46,0.568,0.234,0.737,0.544,0.498,C,cartewe01
83,Ulrich Chomche,6-10,2024-25,19,TOR,7,0,0,32,2,5,2,5,0,0,1,2,4,4,8,2,0,1,2,5,5,0.4,0.4,,0.5,0.425,0.4,F-C,chomcul01
84,Noah Clowney,6-10,2024-25,20,BRK,46,20,0,1042,133,372,46,111,87,261,67,80,43,138,181,40,24,21,46,105,420,0.358,0.414,0.333,0.838,0.516,0.474,F,clownno01
85,Anthony Davis,6-10,2024-25,31,DALLAL,51,51,1,1706,470,910,435,786,35,124,286,369,134,456,590,181,59,110,113,98,1261,0.516,0.553,0.282,0.775,0.588,0.536,F-C,davisan02
86,Ousmane Dieng,6-10,2024-25,21,OKC,37,1,0,405,54,125,31,54,23,71,11,16,18,63,81,31,17,7,18,33,142,0.432,0.574,0.324,0.688,0.538,0.524,F,diengou01
87,Jalen Duren,6-10,2024-25,21,DET,78,78,0,2034,378,546,378,546,0,0,162,242,277,530,807,209,54,89,136,251,918,0.692,0.692,,0.669,0.703,0.692,C,durenja01
88,Daniel Gafford,6-10,2024-25,26,DAL,57,31,0,1226,283,403,283,403,0,0,135,196,155,233,388,80,23,102,66,152,701,0.702,0.702,,0.689,0.716,0.702,C-F,gaffoda01
89,Luka Garza,6-10,2024-25,26,MIN,39,0,0,219,52,105,42,69,10,36,24,35,31,23,54,11,6,3,12,29,138,0.495,0.609,0.278,0.686,0.573,0.543,F-C,garzalu01
90,Richaun Holmes,6-10,2024-25,31,WAS,31,7,0,534,90,139,90,136,0,3,50,60,62,115,177,42,9,23,21,49,230,0.647,0.662,0,0.833,0.695,0.647,C-F,holmeri01
91,Oso Ighodaro,6-10,2024-25,22,PHO,61,6,0,1045,113,187,113,185,0,2,29,50,66,156,222,71,28,29,39,102,255,0.604,0.611,0,0.58,0.61,0.604,F,ighodos01
92,Jonathan Isaac,6-10,2024-25,27,ORL,71,1,0,1090,134,324,95,173,39,151,73,107,120,194,314,40,61,80,33,90,380,0.414,0.549,0.258,0.682,0.512,0.474,F,isaacjo01
93,Isaiah Jackson,6-10,2024-25,23,IND,5,1,0,84,14,23,14,23,0,0,7,14,11,17,28,5,3,8,5,14,35,0.609,0.609,,0.5,0.6,0.609,C-F,jacksis01
94,Jaren Jackson Jr.,6-10,2024-25,25,MEM,74,74,1,2207,592,1213,446,824,146,389,311,398,91,326,417,148,92,113,153,257,1641,0.488,0.541,0.375,0.781,0.591,0.548,F,jacksja02
95,Nikola Jović,6-10,2024-25,21,MIA,46,10,0,1156,172,377,94,167,78,210,72,87,26,154,180,131,38,13,60,82,494,0.456,0.563,0.371,0.828,0.595,0.56,G-F,jovicni01
96,Maxi Kleber,6-10,2024-25,33,DAL,34,4,0,637,37,96,24,47,13,49,16,21,25,70,95,43,9,17,23,66,103,0.385,0.511,0.265,0.762,0.489,0.453,F,klebima01
97,Skal Labissière,6-10,2024-25,28,SAC,4,0,0,12,2,4,1,3,1,1,0,0,1,2,3,1,0,0,0,1,5,0.5,0.333,1,,0.625,0.625,F,labissk01
98,Leonard Miller,6-10,2024-25,21,MIN,13,0,0,32,6,15,6,10,0,5,8,8,3,8,11,0,2,1,2,2,20,0.4,0.6,0,1,0.54,0.4,F,millele01
99,Miles Norris,6-10,2024-25,24,BOS,3,0,0,35,2,9,0,2,2,7,1,2,2,7,9,0,2,1,0,0,7,0.222,0,0.286,0.5,0.354,0.333,F,norrimi01
100,Jahlil Okafor,6-10,2024-25,29,IND,1,0,0,3,0,0,0,0,0,0,0,0,0,1,1,1,0,0,0,0,0,,,,,,,C-F,okafoja01
101,Mason Plumlee,6-10,2024-25,34,PHO,74,21,0,1300,125,202,125,198,0,4,83,128,116,339,455,134,33,47,59,154,333,0.619,0.631,0,0.648,0.645,0.619,C-F,plumlma01
102,Michael Porter Jr.,6-10,2024-25,26,DEN,77,77,0,2593,528,1048,335,559,193,489,149,194,138,402,540,165,50,38,104,157,1398,0.504,0.599,0.395,0.768,0.617,0.596,F,portemi01
103,Bobby Portis,6-10,2024-25,29,MIL,49,7,0,1244,277,595,212,417,65,178,61,73,90,321,411,104,35,26,57,94,680,0.466,0.508,0.365,0.836,0.542,0.52,F,portibo01
104,Micah Potter,6-10,2024-25,26,UTA,38,10,0,705,57,135,26,37,31,98,17,20,43,121,164,31,14,14,31,50,162,0.422,0.703,0.316,0.85,0.563,0.537,C,pottemi01
105,Dwight Powell,6-10,2024-25,33,DAL,55,3,0,551,42,61,40,56,2,5,28,43,47,71,118,55,18,21,18,75,114,0.689,0.714,0.4,0.651,0.713,0.705,F-C,poweldw01
106,Domantas Sabonis,6-10,2024-25,28,SAC,70,70,0,2429,527,893,462,737,65,156,218,289,267,705,972,423,48,26,202,229,1337,0.59,0.627,0.417,0.754,0.655,0.627,C-F,sabondo01
107,Dario Šarić,6-10,2024-25,30,DEN,16,4,0,210,21,58,14,32,7,26,7,10,14,36,50,23,7,1,15,19,56,0.362,0.438,0.269,0.7,0.449,0.422,F-C,saricda01
108,Ben Simmons,6-10,2024-25,28,BRKLAC,51,24,0,1120,116,223,116,223,0,0,24,33,47,194,241,285,38,23,102,107,256,0.52,0.52,,0.727,0.539,0.52,G-F,simmobe01
109,Jericho Sims,6-10,2024-25,26,MILNYK,53,5,0,632,45,71,45,71,0,0,8,13,71,126,197,33,10,19,33,65,98,0.634,0.634,,0.615,0.639,0.634,F,simsje01
110,Jalen Smith,6-10,2024-25,24,CHI,64,2,0,962,190,408,118,186,72,222,72,89,89,268,357,65,17,44,37,95,524,0.466,0.634,0.324,0.809,0.586,0.554,F,smithja04
111,Tolu Smith,6-10,2024-25,24,DET,1,0,0,22,6,9,6,9,0,0,2,3,4,4,8,0,0,0,2,3,14,0.667,0.667,,0.667,0.678,0.667,F,smithto05
112,JT Thor,6-10,2024-25,22,CLEWAS,20,0,0,249,25,59,19,38,6,21,15,22,20,28,48,6,8,9,9,17,71,0.424,0.5,0.286,0.682,0.517,0.475,F,thorjt01
113,Drew Timme,6-10,2024-25,24,BRK,9,2,0,254,45,102,36,67,9,35,10,16,17,48,65,20,4,1,15,21,109,0.441,0.537,0.257,0.625,0.5,0.485,F,timmedr01
114,Nae'Qwan Tomlin,6-10,2024-25,24,CLE,5,1,0,63,13,32,11,22,2,10,8,11,9,12,21,2,0,1,2,9,36,0.406,0.5,0.2,0.727,0.489,0.438,F,tomlina01
115,Nikola Vučević,6-10,2024-25,34,CHI,73,72,0,2278,550,1038,421,717,129,321,120,149,178,557,735,256,61,52,119,163,1349,0.53,0.587,0.402,0.805,0.611,0.592,C,vucevni01
116,Tristan Vukcevic,6-10,2024-25,21,WAS,35,1,0,513,120,242,82,140,38,102,52,67,26,104,130,39,11,23,42,57,330,0.496,0.586,0.373,0.776,0.608,0.574,F-C,vukcetr01
117,Franz Wagner,6-10,2024-25,23,ORL,60,60,0,2023,537,1161,433,809,104,352,271,311,56,286,342,284,75,21,138,147,1449,0.463,0.535,0.295,0.871,0.558,0.507,G-F,wagnefr01
118,Bam Adebayo,6-9,2024-25,27,MIA,78,78,0,2674,540,1113,461,892,79,221,251,328,185,564,749,337,98,53,161,162,1410,0.485,0.517,0.357,0.765,0.561,0.521,C-F,adebaba01
119,Kyle Anderson,6-9,2024-25,31,GSWMIA,61,4,0,1002,142,303,117,233,25,70,48,65,53,153,206,145,40,33,37,81,357,0.469,0.502,0.357,0.738,0.538,0.51,F-G,anderky01
120,Deni Avdija,6-9,2024-25,24,POR,72,54,0,2161,402,844,277,502,125,342,290,372,110,412,522,281,71,35,196,171,1219,0.476,0.552,0.365,0.78,0.605,0.55,G-F,avdijde01
121,Patrick Baldwin Jr.,6-9,2024-25,22,LACWAS,24,0,0,107,19,35,6,12,13,23,2,4,5,20,25,3,3,2,5,7,53,0.543,0.5,0.565,0.5,0.721,0.729,G-F,baldwpa01
122,Dalano Banton,6-9,2024-25,25,POR,67,7,0,1120,198,507,126,285,72,222,91,125,30,105,135,160,43,34,86,58,559,0.391,0.442,0.324,0.728,0.497,0.462,G-F,bantoda01
123,Dominick Barlow,6-9,2024-25,21,ATL,35,4,0,375,60,113,53,86,7,27,21,33,35,50,85,19,9,16,5,47,148,0.531,0.616,0.259,0.636,0.58,0.562,F,barlodo01
124,Chris Boucher,6-9,2024-25,32,TOR,50,0,0,862,182,370,112,177,70,193,68,87,70,154,224,33,24,25,29,68,502,0.492,0.633,0.363,0.782,0.615,0.586,F,bouchch01
125,John Collins,6-9,2024-25,27,UTA,40,31,0,1220,280,531,221,383,59,148,139,164,89,238,327,80,39,40,103,116,758,0.527,0.577,0.399,0.848,0.628,0.583,F,collijo01
126,Drew Eubanks,6-9,2024-25,27,LACUTA,61,4,0,746,115,194,112,188,3,6,47,71,60,166,226,54,12,39,41,63,280,0.593,0.596,0.5,0.662,0.622,0.601,F,eubandr01
127,Bruno Fernando,6-9,2024-25,26,TOR,17,2,0,147,26,49,26,49,0,0,6,8,21,30,51,18,4,9,14,27,58,0.531,0.531,,0.75,0.552,0.531,F,fernabr01
128,Taj Gibson,6-9,2024-25,39,CHO,37,11,0,409,47,95,46,93,1,2,12,20,51,69,120,21,9,18,25,54,107,0.495,0.495,0.5,0.6,0.515,0.5,F-C,gibsota01
129,Taylor Hendricks,6-9,2024-25,21,UTA,3,3,0,75,4,18,1,6,3,12,3,4,5,10,15,2,5,4,2,8,14,0.222,0.167,0.25,0.75,0.354,0.306,F,hendrta01
130,Al Horford,6-9,2024-25,38,BOS,60,42,0,1659,195,461,81,147,114,314,34,38,79,290,369,128,36,51,46,81,538,0.423,0.551,0.363,0.895,0.563,0.547,C-F,horfoal01
131,GG Jackson II,6-9,2024-25,20,MEM,29,3,0,459,74,199,42,104,32,95,29,40,27,65,92,29,12,5,31,30,209,0.372,0.404,0.337,0.725,0.482,0.452,F,jacksgg01
132,Trayce Jackson-Davis,6-9,2024-25,24,GSW,62,37,0,967,174,302,174,299,0,3,59,102,122,189,311,104,23,38,45,73,407,0.576,0.582,0,0.578,0.587,0.576,F,jackstr02
133,LeBron James,6-9,2024-25,40,LAL,70,70,1,2444,651,1270,502,874,149,396,259,331,72,474,546,575,70,39,260,99,1710,0.513,0.574,0.376,0.782,0.604,0.571,F-G,jamesle01
134,Jalen Johnson,6-9,2024-25,23,ATL,36,36,0,1284,271,542,227,401,44,141,94,126,62,297,359,181,56,36,106,67,680,0.5,0.566,0.312,0.746,0.569,0.541,F,johnsja05
135,Bobi Klintman,6-9,2024-25,21,DET,8,0,0,42,6,10,4,5,2,5,1,2,1,6,7,7,2,1,1,8,15,0.6,0.8,0.4,0.5,0.689,0.7,F,klintbo01
136,Kyle Kuzma,6-9,2024-25,29,MILWAS,65,62,0,1936,370,848,274,535,96,313,128,202,54,316,370,152,36,19,146,119,964,0.436,0.512,0.307,0.634,0.514,0.493,F,kuzmaky01
137,Malevy Leons,6-9,2024-25,25,OKC,6,0,0,21,0,2,0,1,0,1,2,4,1,2,3,1,0,0,1,4,2,0,0,0,0.5,0.266,0,F,leonsma01
138,Kevon Looney,6-9,2024-25,28,GSW,76,6,0,1142,143,278,141,273,2,5,56,99,185,277,462,118,46,37,39,154,344,0.514,0.516,0.4,0.566,0.535,0.518,F-C,looneke01
139,Trey Lyles,6-9,2024-25,29,SAC,69,5,0,1349,157,374,76,136,81,238,56,80,80,236,316,82,41,23,39,86,451,0.42,0.559,0.34,0.7,0.551,0.528,F,lylestr01
140,Jalen McDaniels,6-9,2024-25,27,WAS,4,0,0,7,0,0,0,0,0,0,0,0,0,0,0,1,1,0,0,0,0,,,,,,,F,mcdanja01
141,Jaden McDaniels,6-9,2024-25,24,MIN,82,82,0,2614,398,834,298,531,100,303,104,128,129,341,470,163,110,74,95,225,1000,0.477,0.561,0.33,0.813,0.562,0.537,F,mcdanja02
142,Brandon Miller,6-9,2024-25,22,CHO,27,27,0,924,198,491,94,198,104,293,68,79,25,106,131,98,29,20,76,74,568,0.403,0.475,0.355,0.861,0.54,0.509,F-G,millebr02
143,Jonathan Mogbo,6-9,2024-25,23,TOR,63,18,0,1286,156,356,139,286,17,70,60,82,109,202,311,146,55,34,70,136,389,0.438,0.486,0.243,0.732,0.496,0.462,F,mogbojo01
144,Markieff Morris,6-9,2024-25,35,DALLAL,15,2,0,165,21,70,12,34,9,36,5,6,3,20,23,21,2,3,5,16,56,0.3,0.353,0.25,0.833,0.385,0.364,F,morrima02
145,Zeke Nnaji,6-9,2024-25,24,DEN,57,4,0,608,70,141,53,89,17,52,27,44,33,57,90,23,25,38,14,62,184,0.496,0.596,0.327,0.614,0.574,0.557,F,nnajize01
146,Drew Peterson,6-9,2024-25,25,BOS,25,1,0,186,17,41,4,8,13,33,7,9,9,31,40,13,5,2,8,18,54,0.415,0.5,0.394,0.778,0.601,0.573,G,peterdr01
147,Julius Randle,6-9,2024-25,30,MIN,69,69,0,2226,455,939,347,625,108,314,270,335,144,343,487,323,47,16,196,175,1288,0.485,0.555,0.344,0.806,0.593,0.542,F-C,randlju01
148,Paul Reed,6-9,2024-25,25,DET,45,0,0,438,72,142,64,114,8,28,32,42,40,83,123,44,39,25,26,75,184,0.507,0.561,0.286,0.762,0.573,0.535,F,reedpa01
149,Alex Reese,6-9,2024-25,25,OKCPHI,15,0,0,216,26,54,11,13,15,41,9,12,9,38,47,4,10,10,6,21,76,0.481,0.846,0.366,0.75,0.641,0.62,F,reeseal01
150,Naz Reid,6-9,2024-25,25,MIN,80,17,0,2200,426,923,251,461,175,462,111,143,92,388,480,181,58,72,108,189,1138,0.462,0.544,0.379,0.776,0.577,0.556,F,reidna01
151,Jeremiah Robinson-Earl,6-9,2024-25,24,NOP,66,9,0,1239,158,347,102,183,56,164,46,55,110,205,315,88,39,7,51,79,418,0.455,0.557,0.341,0.836,0.563,0.536,F,robinje02
152,Tidjane Salaün,6-9,2024-25,19,CHO,60,10,0,1244,114,345,56,140,58,205,67,94,70,210,280,74,29,14,58,84,353,0.33,0.4,0.283,0.713,0.457,0.414,F,salauti01
153,Adama Sanogo,6-9,2024-25,22,CHI,4,0,0,21,4,7,4,7,0,0,0,0,5,1,6,1,0,0,1,1,8,0.571,0.571,,,0.571,0.571,F,sanogad01
154,Cole Swider,6-9,2024-25,25,DETTOR,10,0,0,169,22,63,7,16,15,47,0,1,5,22,27,3,4,2,4,12,59,0.349,0.438,0.319,0,0.465,0.468,F,swideco01
155,Tristan Thompson,6-9,2024-25,33,CLE,40,0,0,328,31,71,31,68,0,3,7,30,32,102,134,24,2,11,14,36,69,0.437,0.456,0,0.233,0.41,0.437,F-C,thomptr01
156,Jacob Toppin,6-9,2024-25,24,ATLNYK,17,0,0,76,9,22,4,12,5,10,0,0,3,12,15,6,2,0,3,3,23,0.409,0.333,0.5,,0.523,0.523,F,toppija01
157,Obi Toppin,6-9,2024-25,26,IND,79,4,0,1545,317,599,207,298,110,301,89,114,56,262,318,128,46,28,68,108,833,0.529,0.695,0.365,0.781,0.642,0.621,F,toppiob01
158,Oscar Tshiebwe,6-9,2024-25,25,UTA,14,1,0,255,42,70,42,70,0,0,23,31,46,76,122,9,13,1,10,24,107,0.6,0.6,,0.742,0.64,0.6,F,tshieos01
159,Dean Wade,6-9,2024-25,28,CLE,59,30,0,1252,112,271,32,49,80,222,16,30,51,198,249,76,42,20,22,101,320,0.413,0.653,0.36,0.533,0.563,0.561,F,wadede01
160,Jabari Walker,6-9,2024-25,22,POR,60,1,0,749,118,229,90,157,28,72,49,71,59,152,211,37,33,6,34,87,313,0.515,0.573,0.389,0.69,0.601,0.576,F,walkeja01
161,Trendon Watford,6-9,2024-25,24,BRK,44,6,0,913,164,350,135,262,29,88,93,122,37,123,160,115,27,12,83,95,450,0.469,0.515,0.33,0.762,0.557,0.51,F,watfotr01
162,Phillip Wheeler,6-9,2024-25,22,PHI,5,0,0,44,3,21,3,11,0,10,2,2,2,6,8,2,1,2,1,1,8,0.143,0.273,0,1,0.183,0.143,F,wheelph02
163,Robert Williams,6-9,2024-25,27,POR,20,3,0,351,50,78,49,75,1,3,15,17,35,83,118,21,13,33,17,31,116,0.641,0.653,0.333,0.882,0.679,0.647,C-F,williro04
164,Ziaire Williams,6-9,2024-25,23,BRK,63,45,0,1541,214,520,111,218,103,302,101,123,61,226,287,84,62,28,67,149,632,0.412,0.509,0.341,0.821,0.55,0.511,F,willizi02
165,Precious Achiuwa,6-8,2024-25,25,NYK,57,10,0,1170,164,327,154,291,10,36,41,69,101,216,317,55,47,42,45,81,379,0.502,0.529,0.278,0.594,0.53,0.517,F,achiupr01
166,Armel Traoré,6-8,2024-25,22,LAL,9,0,0,67,6,19,6,12,0,7,2,7,2,13,15,1,4,2,3,6,14,0.316,0.5,0,0.286,0.317,0.316,F,armeltr01
167,Marcus Bagley,6-8,2024-25,23,PHI,10,4,0,253,27,69,22,37,5,32,8,10,23,47,70,10,9,12,7,16,67,0.391,0.595,0.156,0.8,0.456,0.428,F,baglema02
168,Harrison Barnes,6-8,2024-25,32,SAS,82,82,0,2230,347,683,191,323,156,360,161,199,97,213,310,136,39,14,50,75,1011,0.508,0.591,0.433,0.809,0.656,0.622,F,barneha02
169,Nicolas Batum,6-8,2024-25,36,LAC,78,8,0,1367,104,238,16,35,88,203,17,21,47,171,218,84,52,36,34,111,313,0.437,0.457,0.433,0.81,0.633,0.622,F-G,batumni01
170,Bismack Biyombo,6-8,2024-25,32,SAS,28,26,0,528,67,114,67,114,0,0,10,25,43,115,158,31,16,23,27,52,144,0.588,0.588,,0.4,0.576,0.588,C-F,biyombi01
171,Jalen Bridges,6-8,2024-25,23,PHO,8,0,0,30,2,7,0,0,2,7,3,4,0,4,4,0,0,0,4,0,9,0.286,,0.286,0.75,0.514,0.429,F,bridgja01
172,Toumani Camara,6-8,2024-25,24,POR,78,78,0,2548,328,716,193,356,135,360,91,126,173,277,450,175,116,50,109,230,882,0.458,0.542,0.375,0.722,0.572,0.552,F,camarto01
173,Vlatko Čančar,6-8,2024-25,27,DEN,13,0,0,136,10,26,6,11,4,15,0,0,6,26,32,9,3,2,11,10,24,0.385,0.545,0.267,,0.462,0.462,F,cancavl01
174,Julian Champagnie,6-8,2024-25,23,SAS,82,29,0,1932,276,665,98,185,178,480,85,94,67,251,318,111,61,35,74,114,815,0.415,0.53,0.371,0.904,0.577,0.549,F,champju02
175,Sidy Cissoko,6-8,2024-25,20,PORSAS,22,0,0,114,13,30,10,17,3,13,3,9,8,13,21,15,2,1,11,10,32,0.433,0.588,0.231,0.333,0.471,0.483,G,cissosi01
176,Brandon Clarke,6-8,2024-25,28,MEM,64,18,0,1207,236,380,235,363,1,17,61,87,127,199,326,66,52,36,41,145,534,0.621,0.647,0.059,0.701,0.638,0.622,F,clarkbr01
177,Bilal Coulibaly,6-8,2024-25,20,WAS,59,59,0,1948,263,624,200,400,63,224,138,185,91,203,294,199,78,41,125,139,727,0.421,0.5,0.281,0.746,0.515,0.472,F,coulibi01
178,Dyson Daniels,6-8,2024-25,21,ATL,76,76,0,2571,455,923,375,688,80,235,83,140,124,325,449,333,229,55,155,175,1073,0.493,0.545,0.34,0.593,0.545,0.536,G,daniedy01
179,Tristan Da Silva,6-8,2024-25,23,ORL,74,38,0,1629,199,483,119,244,80,239,55,63,73,172,245,113,33,18,56,94,533,0.412,0.488,0.335,0.873,0.522,0.495,F,dasiltr01
180,Tari Eason,6-8,2024-25,23,HOU,57,16,0,1420,272,559,209,375,63,184,79,104,128,234,362,83,97,50,65,136,686,0.487,0.557,0.342,0.76,0.567,0.543,F,easonta01
181,Kessler Edwards,6-8,2024-25,24,DAL,40,18,0,608,67,135,45,81,22,54,12,13,22,93,115,42,19,20,16,62,168,0.496,0.556,0.407,0.923,0.597,0.578,F,edwarke02
182,Tosan Evbuomwan,6-8,2024-25,23,BRK,28,0,0,665,94,220,70,143,24,77,55,73,32,88,120,55,24,10,39,55,267,0.427,0.49,0.312,0.753,0.53,0.482,F,evbuoto01
183,Simone Fontecchio,6-8,2024-25,29,DET,75,0,0,1237,150,373,74,146,76,227,70,84,52,163,215,65,31,12,54,95,446,0.402,0.507,0.335,0.833,0.544,0.504,F,fontesi01
184,Johnny Furphy,6-8,2024-25,20,IND,50,0,0,379,35,92,20,42,15,50,18,22,23,48,71,19,18,11,12,41,103,0.38,0.476,0.3,0.818,0.506,0.462,G-F,furphjo01
185,Paul George,6-8,2024-25,34,PHI,41,41,0,1334,245,570,149,302,96,268,79,97,24,195,219,178,75,20,106,101,665,0.43,0.493,0.358,0.814,0.543,0.514,F-G,georgpa01
186,Josh Giddey,6-8,2024-25,22,CHI,70,69,0,2117,371,798,266,520,105,278,175,224,127,439,566,503,84,45,202,122,1022,0.465,0.512,0.378,0.781,0.57,0.531,G,giddejo01
187,Aaron Gordon,6-8,2024-25,29,DEN,51,42,0,1447,264,497,189,325,75,172,145,179,80,167,247,164,23,14,73,82,748,0.531,0.582,0.436,0.81,0.65,0.607,F,gordoaa01
188,Jeff Green,6-8,2024-25,38,HOU,32,3,0,396,61,121,32,42,29,79,21,26,11,47,58,20,6,4,9,32,172,0.504,0.762,0.367,0.808,0.649,0.624,F,greenje02
189,Rui Hachimura,6-8,2024-25,26,LAL,59,57,0,1869,293,576,191,329,102,247,87,113,79,216,295,83,45,26,49,105,775,0.509,0.581,0.413,0.77,0.619,0.597,F,hachiru01
190,PJ Hall,6-8,2024-25,22,DEN,19,0,0,66,14,24,12,16,2,8,3,4,6,16,22,4,0,4,2,11,33,0.583,0.75,0.25,0.75,0.641,0.625,F,hallpj01
191,Tobias Harris,6-8,2024-25,32,DET,73,73,0,2305,384,805,293,541,91,264,143,166,65,367,432,162,74,57,85,138,1002,0.477,0.542,0.345,0.861,0.571,0.534,F,harrito02
192,Sam Hauser,6-8,2024-25,27,BOS,71,19,0,1541,214,474,48,75,166,399,11,11,44,180,224,64,41,13,23,87,605,0.451,0.64,0.416,1,0.632,0.627,F,hausesa01
193,Ron Holland,6-8,2024-25,19,DET,81,2,0,1266,197,416,161,265,36,151,92,122,40,178,218,82,49,17,72,141,522,0.474,0.608,0.238,0.754,0.556,0.517,F,hollaro01
194,Caleb Houstan,6-8,2024-25,22,ORL,58,6,0,788,80,190,16,30,64,160,15,17,19,56,75,35,22,6,13,62,239,0.421,0.533,0.4,0.882,0.605,0.589,G-F,houstca01
195,Jett Howard,6-8,2024-25,21,ORL,60,0,0,701,98,262,43,76,55,186,16,23,20,50,70,44,13,11,36,68,267,0.374,0.566,0.296,0.696,0.491,0.479,G,howarje01
196,De'Andre Hunter,6-8,2024-25,27,ATLCLE,64,9,0,1740,358,762,201,374,157,388,215,254,44,214,258,92,50,13,82,155,1088,0.47,0.537,0.405,0.846,0.623,0.573,F,huntede01
197,Joe Ingles,6-8,2024-25,37,MIN,19,1,0,114,6,23,3,8,3,15,0,0,2,9,11,23,2,0,9,12,15,0.261,0.375,0.2,,0.326,0.326,F-G,inglejo01
198,Brandon Ingram,6-8,2024-25,27,NOP,18,18,0,595,155,333,112,218,43,115,47,55,17,83,100,93,16,11,69,45,400,0.465,0.514,0.374,0.855,0.56,0.53,F,ingrabr01
199,Cameron Johnson,6-8,2024-25,28,BRK,57,57,0,1800,355,747,196,339,159,408,201,225,54,193,247,194,53,25,99,104,1070,0.475,0.578,0.39,0.893,0.632,0.582,F,johnsca02
200,Herbert Jones,6-8,2024-25,26,NOP,20,20,0,648,75,172,53,100,22,72,33,40,22,56,78,65,37,9,35,66,205,0.436,0.53,0.306,0.825,0.541,0.5,F,joneshe01
201,Isaac Jones,6-8,2024-25,24,SAC,40,0,0,304,54,83,51,75,3,8,23,36,22,35,57,12,5,10,16,30,134,0.651,0.68,0.375,0.639,0.678,0.669,F,jonesis01
202,Braxton Key,6-8,2024-25,27,GSW,3,0,0,11,0,4,0,3,0,1,3,6,1,1,2,0,2,0,1,0,3,0,0,0,0.5,0.226,0,F,keybr01
203,Vit Krejci,6-8,2024-25,24,ATL,57,16,0,1153,145,292,55,86,90,206,32,45,22,134,156,147,36,26,50,105,412,0.497,0.64,0.437,0.711,0.661,0.651,G,krejcvi01
204,Jonathan Kuminga,6-8,2024-25,22,GSW,47,10,0,1144,258,568,212,417,46,151,157,235,56,161,217,104,38,21,71,90,719,0.454,0.508,0.305,0.668,0.535,0.495,F,kuminjo01
205,Jake LaRavia,6-8,2024-25,23,MEMSAC,66,0,0,1349,160,337,100,195,60,142,78,115,90,169,259,158,62,23,86,132,458,0.475,0.513,0.423,0.678,0.591,0.564,F,laravja01
206,Kevin Love,6-8,2024-25,36,MIA,23,9,0,251,41,115,17,48,24,67,16,23,22,72,94,22,15,4,14,21,122,0.357,0.354,0.358,0.696,0.488,0.461,F-C,loveke01
207,Jack McVeigh,6-8,2024-25,28,HOU,9,0,0,43,5,17,1,4,4,13,0,0,2,3,5,1,0,2,2,3,14,0.294,0.25,0.308,,0.412,0.412,F,mcveija01
208,Josh Minott,6-8,2024-25,22,MIN,46,0,0,276,44,90,30,47,14,43,17,19,12,35,47,18,15,12,11,34,119,0.489,0.638,0.326,0.895,0.605,0.567,F,minotjo01
209,Isaiah Mobley,6-8,2024-25,25,PHI,1,0,0,17,2,7,1,4,1,3,1,2,1,3,4,5,1,1,0,3,6,0.286,0.25,0.333,0.5,0.381,0.357,F,mobleis01
210,Trey Murphy III,6-8,2024-25,24,NOP,53,51,0,1854,381,839,223,401,158,438,204,230,47,221,268,188,56,39,103,112,1124,0.454,0.556,0.361,0.887,0.598,0.548,F,murphtr02
211,Keegan Murray,6-8,2024-25,24,SAC,76,76,0,2610,364,820,210,371,154,449,60,72,146,361,507,109,61,69,60,186,942,0.444,0.566,0.343,0.833,0.553,0.538,F,murrake02
212,Kris Murray,6-8,2024-25,24,POR,69,6,0,1040,117,279,90,159,27,120,26,57,76,106,182,68,35,17,43,66,287,0.419,0.566,0.225,0.456,0.472,0.468,F,murrakr01
213,Larry Nance Jr.,6-8,2024-25,32,ATL,24,3,0,463,80,155,46,79,34,76,9,13,23,80,103,38,20,13,16,37,203,0.516,0.582,0.447,0.692,0.632,0.626,F-C,nancela02
214,Onyeka Okongwu,6-8,2024-25,24,ATL,74,40,0,2064,388,684,340,536,48,148,164,216,220,440,660,168,69,68,90,193,988,0.567,0.634,0.324,0.759,0.634,0.602,F,okongon01
215,Kelly Oubre Jr.,6-8,2024-25,29,PHI,60,57,0,2078,348,741,277,499,71,242,139,185,97,271,368,108,92,30,80,180,906,0.47,0.555,0.293,0.751,0.551,0.518,F,oubreke01
216,Julian Phillips,6-8,2024-25,21,CHI,79,5,0,1123,128,287,78,134,50,153,60,76,67,102,169,39,38,20,27,108,366,0.446,0.582,0.327,0.789,0.571,0.533,F,phillju01
217,Olivier-Maxence Prosper,6-8,2024-25,22,DAL,52,4,0,584,70,174,58,123,12,51,49,76,44,82,126,40,26,6,14,28,201,0.402,0.472,0.235,0.645,0.484,0.437,F,prospol01
218,Cam Reddish,6-8,2024-25,25,LAL,33,8,0,589,38,94,25,47,13,47,16,26,17,49,66,22,33,10,12,43,105,0.404,0.532,0.277,0.615,0.498,0.473,F,reddica01
219,Zaccharie Risacher,6-8,2024-25,19,ATL,75,73,0,1843,357,779,235,435,122,344,106,149,86,182,268,92,52,37,92,149,942,0.458,0.54,0.355,0.711,0.558,0.537,F,risacza01
220,Gui Santos,6-8,2024-25,22,GSW,56,2,0,762,82,179,48,76,34,103,29,42,72,100,172,80,25,10,42,91,227,0.458,0.632,0.33,0.69,0.575,0.553,F,santogu01
221,Pascal Siakam,6-8,2024-25,30,IND,78,78,1,2548,613,1182,487,858,126,324,226,308,133,407,540,263,70,42,109,189,1578,0.519,0.568,0.389,0.734,0.599,0.572,F-C,siakapa01
222,Jeremy Sochan,6-8,2024-25,21,SAS,54,23,0,1364,251,469,223,378,28,91,87,125,127,225,352,128,45,27,84,131,617,0.535,0.59,0.308,0.696,0.589,0.565,F-G,sochaje01
223,Isaiah Stewart,6-8,2024-25,23,DET,72,4,0,1434,176,315,159,262,17,53,66,87,130,269,399,123,28,101,68,183,435,0.559,0.607,0.321,0.759,0.616,0.586,F-C,stewais01
224,Jayson Tatum,6-8,2024-25,26,BOS,72,72,1,2624,662,1465,412,737,250,728,358,440,48,575,623,431,76,38,209,157,1932,0.452,0.559,0.343,0.814,0.582,0.537,F,tatumja01
225,Daniel Theis,6-8,2024-25,32,NOP,38,9,0,621,61,129,52,92,9,37,31,37,44,120,164,60,18,20,25,70,162,0.473,0.565,0.243,0.838,0.558,0.508,C,theisda01
226,Xavier Tillman Sr.,6-8,2024-25,26,BOS,33,2,0,231,13,53,8,21,5,32,3,4,10,33,43,7,11,5,14,18,34,0.245,0.381,0.156,0.75,0.31,0.292,F,tillmxa01
227,Luke Travers,6-8,2024-25,23,CLE,12,0,0,88,5,20,5,11,0,9,2,2,8,12,20,8,1,1,8,6,12,0.25,0.455,0,1,0.287,0.25,G,travelu01
228,Hunter Tyson,6-8,2024-25,24,DEN,51,2,0,400,45,120,22,46,23,74,21,28,25,53,78,20,10,6,14,44,134,0.375,0.478,0.311,0.75,0.506,0.471,F,tysonhu01
229,Jarred Vanderbilt,6-8,2024-25,25,LAL,36,2,0,581,59,121,50,89,9,32,20,36,68,114,182,41,35,10,29,67,147,0.488,0.562,0.281,0.556,0.537,0.525,F,vandeja01
230,Jarace Walker,6-8,2024-25,21,IND,75,5,0,1187,170,360,95,175,75,185,46,69,25,204,229,110,54,25,78,115,461,0.472,0.543,0.405,0.667,0.59,0.576,F,walkeja02
231,Anton Watson,6-8,2024-25,24,NYK,9,0,0,22,4,9,4,8,0,1,0,0,1,2,3,2,1,0,2,3,8,0.444,0.5,0,,0.444,0.444,F,watsoan02
232,Peyton Watson,6-8,2024-25,22,DEN,68,18,0,1656,204,428,156,292,48,136,95,137,47,186,233,94,48,93,56,123,551,0.477,0.534,0.353,0.693,0.564,0.533,G-F,watsope01
233,Jaylin Williams,6-8,2024-25,22,OKC,47,9,0,784,97,221,36,68,61,153,23,30,48,214,262,120,22,29,35,79,278,0.439,0.529,0.399,0.767,0.594,0.577,F,willija07
234,Jalen Wilson,6-8,2024-25,24,BRK,79,22,0,2031,246,620,124,258,122,362,135,165,75,195,270,145,40,5,79,164,749,0.397,0.481,0.337,0.818,0.541,0.495,F,wilsoja03
235,Guerschon Yabusele,6-8,2024-25,29,PHI,70,43,0,1895,282,563,178,289,104,274,100,138,134,261,395,148,58,24,87,164,768,0.501,0.616,0.38,0.725,0.616,0.593,F-C,yabusgu01
236,OG Anunoby,6-7,2024-25,27,NYK,74,74,0,2706,489,1027,318,567,171,460,183,226,97,261,358,164,110,65,102,172,1332,0.476,0.561,0.372,0.81,0.591,0.559,F,anunoog01
237,LaMelo Ball,6-7,2024-25,23,CHO,47,47,0,1505,406,1003,227,475,179,528,193,229,47,185,232,346,54,13,167,157,1184,0.405,0.478,0.339,0.843,0.536,0.494,G,ballla01
238,Scottie Barnes,6-7,2024-25,23,TOR,65,65,0,2134,474,1063,398,783,76,280,228,302,109,393,502,378,93,63,185,113,1252,0.446,0.508,0.271,0.755,0.523,0.482,G-F,barnesc01
239,Jamison Battle,6-7,2024-25,23,TOR,59,10,0,1042,149,347,44,88,105,259,16,18,37,121,158,53,17,10,27,92,419,0.429,0.5,0.405,0.889,0.59,0.581,F,battlja01
240,Anthony Black,6-7,2024-25,21,ORL,78,10,0,1887,262,620,200,425,62,195,150,197,52,178,230,240,86,48,139,166,736,0.423,0.471,0.318,0.761,0.521,0.473,G,blackan01
241,Brandon Boston Jr.,6-7,2024-25,23,NOP,42,10,0,993,166,381,117,241,49,140,67,85,28,106,134,92,53,9,52,73,448,0.436,0.485,0.35,0.788,0.535,0.5,G-F,bostobr01
242,Miles Bridges,6-7,2024-25,26,CHO,64,64,0,2029,469,1089,328,639,141,450,221,254,72,409,481,248,44,45,136,93,1300,0.431,0.513,0.313,0.87,0.541,0.495,G-F,bridgmi02
243,Oshae Brissett,6-7,2024-25,26,PHI,6,2,0,142,19,39,13,21,6,18,8,14,7,15,22,4,4,3,8,14,52,0.487,0.619,0.333,0.571,0.576,0.564,F,brissos01
244,Keion Brooks Jr.,6-7,2024-25,24,NOP,14,6,0,332,53,109,39,66,14,43,22,30,12,46,58,13,10,10,12,30,142,0.486,0.591,0.326,0.733,0.581,0.55,F,brookke02
245,Kobe Brown,6-7,2024-25,25,LAC,40,0,0,272,33,72,27,46,6,26,5,7,19,46,65,24,7,4,12,23,77,0.458,0.587,0.231,0.714,0.513,0.5,G-F,brownko01
246,Jimmy Butler,6-7,2024-25,35,GSWMIA,55,55,0,1746,301,597,269,493,32,104,330,392,125,171,296,298,77,18,74,52,964,0.504,0.546,0.308,0.842,0.626,0.531,F-G,butleji01
247,Jamal Cain,6-7,2024-25,25,NOP,37,0,0,502,68,158,42,78,26,80,34,50,27,58,85,22,23,9,22,46,196,0.43,0.538,0.325,0.68,0.544,0.513,F,cainja01
248,Amir Coffey,6-7,2024-25,27,LAC,72,13,0,1748,240,510,139,263,101,247,115,129,32,129,161,77,40,7,45,120,696,0.471,0.529,0.409,0.891,0.614,0.57,G,coffeam01
249,Torrey Craig,6-7,2024-25,34,BOSCHI,26,4,0,314,38,90,14,24,24,66,8,12,27,46,73,17,8,12,8,34,108,0.422,0.583,0.364,0.667,0.567,0.556,G-F,craigto01
250,Pacome Dadiet,6-7,2024-25,19,NYK,18,0,0,111,10,31,4,12,6,19,4,6,3,15,18,5,3,2,4,7,30,0.323,0.333,0.316,0.667,0.446,0.419,F,dadiepa01
251,Dorian Finney-Smith,6-7,2024-25,31,BRKLAL,63,40,0,1818,195,435,66,121,129,314,30,45,80,167,247,90,58,23,56,136,549,0.448,0.545,0.411,0.667,0.604,0.597,F,finnedo01
252,Trentyn Flowers,6-7,2024-25,19,LAC,6,0,0,27,4,11,4,9,0,2,3,3,1,3,4,0,0,0,1,4,11,0.364,0.444,0,1,0.446,0.364,G-F,flowetr01
253,Enrique Freeman,6-7,2024-25,24,IND,22,1,0,181,16,37,15,27,1,10,13,19,11,19,30,9,3,3,6,21,46,0.432,0.556,0.1,0.684,0.507,0.446,F,freemen01
254,Kyshawn George,6-7,2024-25,21,WAS,68,38,0,1802,203,546,89,192,114,354,70,93,49,236,285,169,68,50,97,201,590,0.372,0.464,0.322,0.753,0.503,0.476,G,georgky01
255,Anthony Gill,6-7,2024-25,32,WAS,51,0,0,397,43,88,33,57,10,31,33,50,18,48,66,16,9,2,10,30,129,0.489,0.579,0.323,0.66,0.586,0.545,F,gillan01
256,Jerami Grant,6-7,2024-25,30,POR,47,47,0,1524,214,574,106,278,108,296,141,166,26,137,163,101,41,46,65,109,677,0.373,0.381,0.365,0.849,0.523,0.467,F,grantje01
257,Haywood Highsmith,6-7,2024-25,28,MIA,74,42,0,1818,179,391,90,158,89,233,31,43,72,180,252,112,68,37,54,164,478,0.458,0.57,0.382,0.721,0.583,0.572,F,highsha01
258,Kevin Huerter,6-7,2024-25,26,CHISAC,69,31,0,1679,257,604,125,213,132,391,35,49,30,175,205,156,66,23,67,121,681,0.425,0.587,0.338,0.714,0.544,0.535,G,huertke01
259,James Johnson,6-7,2024-25,37,IND,12,0,0,37,4,11,4,8,0,3,0,1,0,6,6,4,0,2,4,5,8,0.364,0.5,0,0,0.35,0.364,F,johnsja01
260,Spencer Jones,6-7,2024-25,23,DEN,20,0,0,125,11,34,10,17,1,17,3,3,8,9,17,5,5,5,5,17,26,0.324,0.588,0.059,1,0.368,0.338,F,jonessp01
261,Johnny Juzang,6-7,2024-25,23,UTA,64,18,0,1270,204,475,86,161,118,314,45,53,42,142,184,68,39,8,36,126,571,0.429,0.534,0.376,0.849,0.573,0.554,G,juzanjo01
262,Corey Kispert,6-7,2024-25,25,WAS,61,0,0,1602,255,565,135,235,120,330,75,88,36,145,181,103,26,14,64,98,705,0.451,0.574,0.364,0.852,0.584,0.558,G-F,kispeco01
263,Kevin Knox,6-7,2024-25,25,GSW,14,0,0,84,18,36,14,21,4,15,6,8,7,10,17,5,2,4,4,6,46,0.5,0.667,0.267,0.75,0.582,0.556,F,knoxke01
264,Kawhi Leonard,6-7,2024-25,33,LAC,37,37,0,1180,310,623,232,433,78,190,98,121,35,184,219,116,59,17,72,56,796,0.498,0.536,0.411,0.81,0.589,0.56,F,leonaka01
265,Maxwell Lewis,6-7,2024-25,22,BRKLAL,28,1,0,327,45,108,26,58,19,50,7,10,18,37,55,19,9,7,14,29,116,0.417,0.448,0.38,0.7,0.516,0.505,F,lewisma05
266,E.J. Liddell,6-7,2024-25,24,CHI,12,0,0,53,8,15,5,5,3,10,2,2,3,6,9,3,1,1,2,11,21,0.533,1,0.3,1,0.661,0.633,F,liddeej01
267,Naji Marshall,6-7,2024-25,27,DAL,69,31,0,1919,362,712,302,494,60,218,130,160,76,252,328,208,70,11,112,109,914,0.508,0.611,0.275,0.813,0.584,0.551,F,marshna01
268,Bryce McGowens,6-7,2024-25,22,POR,13,0,0,32,4,14,4,10,0,4,5,6,2,1,3,2,1,0,4,3,13,0.286,0.4,0,0.833,0.391,0.286,G-F,mcgowbr01
269,Khris Middleton,6-7,2024-25,33,MILWAS,37,21,0,843,160,337,112,204,48,133,72,84,13,124,137,150,35,8,56,75,440,0.475,0.549,0.361,0.857,0.588,0.546,F-G,middlkh01
270,Emanuel Miller,6-7,2024-25,24,CHI,6,0,0,25,4,8,4,7,0,1,2,2,4,4,8,2,1,0,0,3,10,0.5,0.571,0,1,0.563,0.5,F,milleem01
271,Jordan Miller,6-7,2024-25,25,LAC,37,0,0,420,58,134,50,96,8,38,28,35,23,35,58,34,17,5,26,26,152,0.433,0.521,0.211,0.8,0.509,0.463,G,millejo02
272,Riley Minix,6-7,2024-25,24,SAS,1,0,0,7,0,1,0,0,0,1,0,0,0,2,2,0,0,0,0,0,0,0,,0,,0,0,G,minixri01
273,Svi Mykhailiuk,6-7,2024-25,27,UTA,38,13,0,760,118,302,48,99,70,203,28,35,22,68,90,76,19,7,52,43,334,0.391,0.485,0.345,0.8,0.526,0.507,G-F,mykhasv01
274,Georges Niang,6-7,2024-25,31,ATLCLE,79,3,0,1697,286,620,120,211,166,409,46,58,47,225,272,111,28,14,82,201,784,0.461,0.569,0.406,0.793,0.607,0.595,F,niangge01
275,Duncan Robinson,6-7,2024-25,30,MIA,74,37,0,1785,290,663,100,180,190,483,47,53,18,149,167,176,40,6,86,135,817,0.437,0.556,0.393,0.887,0.595,0.581,G-F,robindu01
276,Jackson Rowe,6-7,2024-25,28,GSW,6,0,0,52,8,17,5,7,3,10,3,6,3,8,11,4,4,0,1,4,22,0.471,0.714,0.3,0.5,0.56,0.559,F,roweja01
277,Julian Strawther,6-7,2024-25,22,DEN,65,4,0,1384,210,486,116,217,94,269,74,90,17,125,142,83,39,16,57,151,588,0.432,0.535,0.349,0.822,0.559,0.529,F,strawju01
278,Dalen Terry,6-7,2024-25,22,CHI,73,5,0,987,120,268,83,164,37,104,49,69,38,86,124,97,44,15,53,114,326,0.448,0.506,0.356,0.71,0.546,0.517,G,terryda01
279,Amen Thompson,6-7,2024-25,22,HOU,69,42,0,2225,388,697,363,606,25,91,169,247,192,372,564,265,97,89,138,167,970,0.557,0.599,0.275,0.684,0.602,0.575,G,thompam01
280,Ausar Thompson,6-7,2024-25,22,DET,59,48,0,1328,246,460,235,411,11,49,91,142,111,192,303,134,98,40,80,164,594,0.535,0.572,0.224,0.641,0.568,0.547,G,thompau01
281,Jordan Walsh,6-7,2024-25,20,BOS,52,1,0,403,30,83,15,28,15,55,7,12,23,46,69,19,12,11,17,30,82,0.361,0.536,0.273,0.583,0.464,0.452,G-F,walshjo01
282,P.J. Washington,6-7,2024-25,26,DAL,57,56,0,1835,301,665,210,426,91,239,143,198,82,360,442,131,63,60,118,131,836,0.453,0.493,0.381,0.722,0.556,0.521,F,washipj01
283,Jaylen Wells,6-7,2024-25,21,MEM,79,74,0,2043,287,676,149,284,138,392,111,135,87,181,268,135,44,8,69,146,823,0.425,0.525,0.352,0.822,0.56,0.527,F,wellsja01
284,Dariq Whitehead,6-7,2024-25,20,BRK,20,0,0,246,39,96,6,22,33,74,3,5,4,25,29,12,6,1,15,22,114,0.406,0.273,0.446,0.6,0.58,0.578,F,whiteda01
285,Cam Whitmore,6-7,2024-25,20,HOU,51,3,0,827,179,403,114,220,65,183,54,72,36,115,151,49,31,13,46,44,477,0.444,0.518,0.355,0.75,0.549,0.525,F,whitmca01
286,Andrew Wiggins,6-7,2024-25,29,GSWMIA,60,60,0,1842,376,839,246,491,130,348,196,257,89,180,269,158,60,50,99,101,1078,0.448,0.501,0.374,0.763,0.566,0.526,F-G,wiggian01
287,Cody Williams,6-7,2024-25,20,UTA,50,21,0,1060,83,257,48,122,35,135,29,40,27,86,113,59,23,16,44,95,230,0.323,0.393,0.259,0.725,0.419,0.391,G-F,willico04
288,Kenrich Williams,6-7,2024-25,30,OKC,69,7,0,1132,171,354,105,183,66,171,28,39,65,176,241,97,43,10,39,110,436,0.483,0.574,0.386,0.718,0.587,0.576,G-F,willike04
289,Patrick Williams,6-7,2024-25,23,CHI,63,36,0,1576,205,516,109,244,96,272,60,83,43,194,237,124,48,32,86,88,566,0.397,0.447,0.353,0.723,0.512,0.49,F,willipa01
290,Lonzo Ball,6-6,2024-25,27,CHI,35,14,0,777,89,243,22,48,67,195,22,27,25,93,118,115,47,17,41,55,267,0.366,0.458,0.344,0.815,0.524,0.504,G,balllo01
291,RJ Barrett,6-6,2024-25,24,TOR,58,58,0,1869,460,982,353,676,107,306,196,311,61,305,366,314,46,17,165,137,1223,0.468,0.522,0.35,0.63,0.547,0.523,G-F,barrerj01
292,MarJon Beauchamp,6-6,2024-25,24,LACMILNYK,35,0,0,156,27,65,17,36,10,29,15,20,11,33,44,11,4,1,15,14,79,0.415,0.472,0.345,0.75,0.535,0.492,G,beaucma01
293,Devin Booker,6-6,2024-25,28,PHO,75,75,0,2795,654,1420,471,869,183,551,432,483,76,229,305,529,67,16,220,198,1923,0.461,0.542,0.332,0.894,0.589,0.525,G,bookede01
294,Christian Braun,6-6,2024-25,23,DEN,79,77,0,2675,476,821,387,597,89,224,177,214,98,312,410,205,85,37,81,170,1218,0.58,0.648,0.397,0.827,0.665,0.634,G,braunch01
295,Mikal Bridges,6-6,2024-25,28,NYK,82,82,0,3036,592,1183,428,720,164,463,96,118,71,188,259,306,75,43,132,127,1444,0.5,0.594,0.354,0.814,0.585,0.57,F-G,bridgmi01
296,Dillon Brooks,6-6,2024-25,29,HOU,75,75,0,2388,384,895,198,426,186,469,99,121,75,200,275,128,60,16,76,242,1053,0.429,0.465,0.397,0.818,0.555,0.533,F-G,brookdi01
297,Jaylen Brown,6-6,2024-25,28,BOS,63,63,1,2158,518,1118,402,760,116,358,246,322,82,286,368,286,73,19,162,154,1398,0.463,0.529,0.324,0.764,0.555,0.515,F-G,brownja02
298,Alec Burks,6-6,2024-25,33,MIA,49,14,0,863,115,271,27,64,88,207,38,49,15,109,124,55,28,7,29,37,356,0.424,0.422,0.425,0.776,0.608,0.587,G,burksal01
299,Stephon Castle,6-6,2024-25,20,SAS,81,47,0,2162,423,988,328,655,95,333,249,344,89,208,297,332,74,22,177,164,1190,0.428,0.501,0.285,0.724,0.522,0.476,G,castlst01
300,Justin Champagnie,6-6,2024-25,23,WAS,62,31,0,1340,210,411,136,218,74,193,50,73,112,239,351,60,65,39,54,110,544,0.511,0.624,0.383,0.685,0.614,0.601,F,champju01
301,Max Christie,6-6,2024-25,21,DALLAL,78,36,0,2127,252,590,137,276,115,314,130,152,38,220,258,146,64,31,88,115,749,0.427,0.496,0.366,0.855,0.57,0.525,G,chrisma02
302,Ricky Council IV,6-6,2024-25,23,PHI,73,12,0,1250,177,463,122,250,55,213,123,153,51,163,214,97,32,13,52,67,532,0.382,0.488,0.258,0.804,0.502,0.442,G,councri01
303,Isaiah Crawford,6-6,2024-25,23,SAC,15,0,0,46,5,11,4,6,1,5,2,4,1,7,8,1,1,2,1,2,13,0.455,0.667,0.2,0.5,0.509,0.5,F,crawfis01
304,Jae Crowder,6-6,2024-25,34,SAC,9,2,0,103,7,22,3,7,4,15,5,6,6,14,20,6,3,0,4,10,23,0.318,0.429,0.267,0.833,0.467,0.409,F,crowdja01
305,Cui Yongxi,6-6,2024-25,21,BRK,5,0,0,10,1,7,1,4,0,3,1,2,0,2,2,0,0,0,0,0,3,0.143,0.25,0,0.5,0.19,0.143,G,cuiyo01
306,Cade Cunningham,6-6,2024-25,23,DET,70,70,1,2452,684,1457,535,1039,149,418,313,370,56,369,425,638,71,53,309,195,1830,0.469,0.515,0.356,0.846,0.565,0.521,G,cunnica01
307,DeMar DeRozan,6-6,2024-25,35,SAC,77,77,0,2768,624,1308,540,1052,84,256,378,441,50,248,298,342,62,32,105,150,1710,0.477,0.513,0.328,0.857,0.569,0.509,G-F,derozde01
308,Gradey Dick,6-6,2024-25,21,TOR,54,54,0,1587,265,647,151,321,114,326,133,155,44,149,193,98,48,10,83,120,777,0.41,0.47,0.35,0.858,0.543,0.498,G,dickgr01
309,Luka Dončić,6-6,2024-25,25,DALLAL,50,50,0,1769,461,1025,284,544,177,481,309,395,40,369,409,383,89,21,179,126,1408,0.45,0.522,0.368,0.782,0.587,0.536,G-F,doncilu01
310,PJ Dozier,6-6,2024-25,28,MIN,9,0,0,35,2,3,0,0,2,3,1,6,1,4,5,5,1,0,1,3,7,0.667,,0.667,0.167,0.621,1,G,doziepj01
311,Chris Duarte,6-6,2024-25,27,CHI,17,0,0,74,12,26,6,11,6,15,6,8,5,15,20,9,0,0,1,7,36,0.462,0.545,0.4,0.75,0.61,0.577,G,duartch01
312,Alex Ducas,6-6,2024-25,24,OKC,21,0,0,125,12,30,2,9,10,21,2,2,9,17,26,5,5,0,4,12,36,0.4,0.222,0.476,1,0.583,0.567,G-F,ducasal01
313,Ryan Dunn,6-6,2024-25,22,PHO,74,44,0,1410,205,477,123,213,82,264,19,39,92,175,267,57,44,40,40,162,511,0.43,0.577,0.311,0.487,0.517,0.516,F,dunnry01
314,Justin Edwards,6-6,2024-25,21,PHI,44,26,0,1155,172,378,103,188,69,190,32,46,46,102,148,69,45,16,49,98,445,0.455,0.548,0.363,0.696,0.559,0.546,G,edwarju01
315,Keon Ellis,6-6,2024-25,25,SAC,80,28,0,1948,227,464,88,143,139,321,73,86,60,152,212,120,121,63,71,176,666,0.489,0.615,0.433,0.849,0.664,0.639,G,elliske01
316,Shai Gilgeous-Alexander,6-6,2024-25,26,OKC,76,76,1,2598,860,1656,697,1221,163,435,601,669,67,312,379,486,131,77,183,164,2484,0.519,0.571,0.375,0.898,0.637,0.569,G,gilgesh01
317,Draymond Green,6-6,2024-25,34,GSW,68,66,0,1983,216,509,136,263,80,246,101,147,74,340,414,383,99,70,174,219,613,0.424,0.517,0.325,0.687,0.534,0.503,F,greendr01
318,Ron Harper Jr.,6-6,2024-25,24,DET,1,0,0,17,1,8,1,2,0,6,2,2,4,3,7,2,0,0,0,0,4,0.125,0.5,0,1,0.225,0.125,G-F,harpero02
319,Jalen Hood-Schifino,6-6,2024-25,21,LALPHI,15,0,0,315,37,98,23,52,14,46,18,21,3,24,27,37,5,7,18,25,106,0.378,0.442,0.304,0.857,0.494,0.449,G,hoodsja01
320,Andre Jackson Jr.,6-6,2024-25,23,MIL,67,43,0,980,94,197,64,121,30,76,12,24,65,117,182,83,34,14,58,114,230,0.477,0.529,0.395,0.5,0.554,0.553,G,jacksan01
321,Jaime Jaquez Jr.,6-6,2024-25,23,MIA,66,17,0,1368,213,462,176,343,37,119,107,142,84,206,290,166,61,14,98,81,570,0.461,0.513,0.311,0.754,0.543,0.501,G-F,jaqueja01
322,Keshad Johnson,6-6,2024-25,23,MIA,16,0,0,98,18,26,15,19,3,7,4,9,6,22,28,4,5,4,4,11,43,0.692,0.789,0.429,0.444,0.718,0.75,F,johnske10
323,Colby Jones,6-6,2024-25,22,SACWAS,39,0,0,515,59,129,43,80,16,49,23,35,21,66,87,44,26,13,23,37,157,0.457,0.538,0.327,0.657,0.544,0.519,G,jonesco02
324,Dalton Knecht,6-6,2024-25,23,LAL,78,16,0,1494,257,557,129,217,128,340,64,84,37,179,216,66,24,8,37,93,706,0.461,0.594,0.376,0.762,0.594,0.576,G,knechda01
325,A.J. Lawson,6-6,2024-25,24,TOR,26,2,0,486,80,190,47,89,33,101,43,63,20,66,86,31,13,6,15,44,236,0.421,0.528,0.327,0.683,0.542,0.508,G,lawsoaj01
326,Caris LeVert,6-6,2024-25,30,ATLCLE,64,3,0,1596,280,599,174,315,106,284,110,155,41,162,203,215,57,33,76,99,776,0.467,0.552,0.373,0.71,0.582,0.556,G-F,leverca01
327,Chris Livingston,6-6,2024-25,21,MIL,21,1,0,106,9,27,9,19,0,8,12,16,10,25,35,5,5,0,6,8,30,0.333,0.474,0,0.75,0.441,0.333,F,livinch01
328,Jaylen Martin,6-6,2024-25,21,BRKWAS,16,0,0,239,31,74,24,51,7,23,9,10,11,33,44,17,9,0,12,14,78,0.419,0.471,0.304,0.9,0.497,0.466,F,martija02
329,KJ Martin,6-6,2024-25,24,PHIUTA,43,16,0,912,111,201,96,143,15,58,37,47,30,95,125,48,17,22,24,101,274,0.552,0.671,0.259,0.787,0.618,0.59,F,martike04
330,Tyrese Martin,6-6,2024-25,25,BRK,60,11,0,1315,189,465,90,183,99,282,46,58,58,161,219,122,34,9,74,77,523,0.406,0.492,0.351,0.793,0.533,0.513,G,martity01
331,Bennedict Mathurin,6-6,2024-25,22,IND,72,49,0,2149,391,853,293,565,98,288,276,332,87,296,383,136,47,24,135,162,1156,0.458,0.519,0.34,0.831,0.579,0.516,G-F,mathube01
332,Kevin McCullar Jr.,6-6,2024-25,23,NYK,4,0,0,29,2,7,2,6,0,1,2,2,0,8,8,2,1,1,0,6,6,0.286,0.333,0,1,0.381,0.286,G,mcculke01
333,Doug McDermott,6-6,2024-25,33,SAC,42,3,0,342,50,117,6,16,44,101,3,5,3,19,22,7,4,2,6,30,147,0.427,0.375,0.436,0.6,0.617,0.615,F,mcderdo01
334,Chuma Okeke,6-6,2024-25,26,CLEPHI,9,3,0,196,20,40,9,12,11,28,2,3,21,26,47,15,5,4,3,5,53,0.5,0.75,0.393,0.667,0.641,0.638,F,okekech01
335,Daeqwon Plowden,6-6,2024-25,26,ATL,6,0,0,72,16,25,7,8,9,17,2,2,4,7,11,2,0,0,4,10,43,0.64,0.875,0.529,1,0.831,0.82,G,plowdda01
336,Taurean Prince,6-6,2024-25,30,MIL,80,73,0,2166,235,514,88,179,147,335,39,48,34,253,287,155,76,15,82,165,656,0.457,0.492,0.439,0.813,0.613,0.6,F,princta02
337,Trevelin Queen,6-6,2024-25,27,ORL,31,2,0,430,56,147,34,70,22,77,18,21,26,28,54,38,31,10,22,38,152,0.381,0.486,0.286,0.857,0.486,0.456,G,queentr01
338,Jared Rhoden,6-6,2024-25,25,CHOTOR,14,2,0,227,42,87,30,48,12,39,22,25,14,28,42,16,10,2,9,20,118,0.483,0.625,0.308,0.88,0.602,0.552,G,rhodeja01
339,Rayan Rupert,6-6,2024-25,20,POR,52,0,0,460,58,142,42,83,16,59,23,30,26,44,70,25,16,4,30,37,155,0.408,0.506,0.271,0.767,0.499,0.465,G,ruperra01
340,Matt Ryan,6-6,2024-25,27,NYK,19,0,0,68,10,31,4,12,6,19,2,2,0,8,8,3,2,0,3,1,28,0.323,0.333,0.316,1,0.439,0.419,F,ryanma01
341,Baylor Scheierman,6-6,2024-25,24,BOS,31,2,0,384,39,110,13,28,26,82,9,12,19,46,65,33,17,2,12,22,113,0.355,0.464,0.317,0.75,0.49,0.473,G,scheiba01
342,Brice Sensabaugh,6-6,2024-25,21,UTA,71,15,0,1432,275,599,118,227,157,372,65,73,42,168,210,110,46,8,107,111,772,0.459,0.52,0.422,0.89,0.612,0.59,F,sensabr01
343,Terrence Shannon Jr.,6-6,2024-25,24,MIN,32,1,0,339,55,114,44,83,11,31,17,21,10,37,47,32,7,5,15,27,138,0.482,0.53,0.355,0.81,0.56,0.531,G,shannte01
344,Shaedon Sharpe,6-6,2024-25,21,POR,72,52,0,2252,499,1104,352,632,147,472,190,242,68,256,324,198,62,16,150,120,1335,0.452,0.557,0.311,0.785,0.551,0.519,G,sharpsh01
345,Ben Sheppard,6-6,2024-25,23,IND,63,9,0,1228,120,287,52,88,68,199,24,27,44,133,177,85,38,14,22,125,332,0.418,0.591,0.342,0.889,0.555,0.537,G,sheppbe01
346,Jaylen Sims,6-6,2024-25,26,CHO,6,0,0,112,12,28,6,13,6,15,12,15,3,3,6,12,3,1,8,10,42,0.429,0.462,0.4,0.8,0.607,0.536,G,simsja01
347,Lamar Stevens,6-6,2024-25,27,MEM,17,1,0,155,29,63,21,36,8,27,8,11,4,34,38,8,5,3,10,15,74,0.46,0.583,0.296,0.727,0.545,0.524,F,stevela01
348,Jaylon Tyson,6-6,2024-25,22,CLE,47,3,0,453,64,149,44,91,20,58,19,24,37,59,96,44,13,3,26,50,167,0.43,0.484,0.345,0.792,0.523,0.497,G,tysonja01
349,Stanley Umude,6-6,2024-25,25,MIL,22,0,0,86,5,26,2,11,3,15,2,4,4,13,17,4,3,6,3,8,15,0.192,0.182,0.2,0.5,0.27,0.25,G,umudest01
350,Lindy Waters III,6-6,2024-25,27,DETGSW,52,9,0,778,92,249,28,63,64,186,8,11,20,90,110,52,27,11,20,62,256,0.369,0.444,0.344,0.727,0.504,0.498,G,waterli01
351,Aaron Wiggins,6-6,2024-25,26,OKC,76,26,0,1744,355,728,225,389,130,339,74,89,81,214,295,134,60,18,69,101,914,0.488,0.578,0.383,0.831,0.596,0.577,G,wiggiaa01
352,Grant Williams,6-6,2024-25,26,CHO,16,7,0,479,54,123,27,49,27,74,31,37,18,64,82,37,18,13,28,46,166,0.439,0.551,0.365,0.838,0.596,0.549,F,willigr01
353,Jalen Williams,6-6,2024-25,23,OKC,69,69,1,2237,565,1168,441,828,124,340,236,299,59,310,369,354,111,46,150,158,1490,0.484,0.533,0.365,0.789,0.573,0.537,G,willija06
354,Zion Williamson,6-6,2024-25,24,NOP,30,30,0,857,288,508,285,495,3,13,158,241,76,140,216,159,37,27,90,82,737,0.567,0.576,0.231,0.656,0.6,0.57,F-C,willizi01
355,Ochai Agbaji,6-5,2024-25,24,TOR,64,45,0,1739,266,534,165,281,101,253,34,48,61,181,242,98,58,30,54,125,667,0.498,0.587,0.399,0.708,0.601,0.593,G,agbajoc01
356,Nickeil Alexander-Walker,6-5,2024-25,26,MIN,82,10,0,2073,270,616,129,246,141,370,92,118,54,211,265,223,50,34,99,139,773,0.438,0.524,0.381,0.78,0.579,0.553,G,alexani01
357,Desmond Bane,6-5,2024-25,26,MEM,69,68,0,2205,493,1018,329,600,164,418,177,198,62,356,418,369,80,28,169,164,1327,0.484,0.548,0.392,0.894,0.6,0.565,G,banede01
358,Bogdan Bogdanović,6-5,2024-25,32,ATLLAC,54,4,0,1348,210,492,105,203,105,289,58,66,24,135,159,146,41,11,74,127,583,0.427,0.517,0.363,0.879,0.559,0.534,G,bogdabo01
359,Kentavious Caldwell-Pope,6-5,2024-25,31,ORL,77,77,0,2279,239,544,126,214,113,330,82,95,33,136,169,136,99,34,62,136,673,0.439,0.589,0.342,0.863,0.574,0.543,G,caldwke01
360,Alex Caruso,6-5,2024-25,30,OKC,54,3,0,1041,140,314,80,144,60,170,42,51,38,121,159,137,87,30,37,102,382,0.446,0.556,0.353,0.824,0.568,0.541,G,carusal01
361,Cam Christie,6-5,2024-25,19,LAC,13,0,0,59,7,24,5,11,2,13,2,4,3,9,12,6,5,1,2,4,18,0.292,0.455,0.154,0.5,0.349,0.333,G,chrisca02
362,Josh Christopher,6-5,2024-25,23,MIA,14,0,0,69,11,31,9,20,2,11,4,6,0,9,9,8,5,3,6,2,28,0.355,0.45,0.182,0.667,0.416,0.387,G,chrisjo01
363,Jaylen Clark,6-5,2024-25,23,MIN,40,4,0,522,56,120,34,69,22,51,29,37,26,27,53,26,36,2,8,61,163,0.467,0.493,0.431,0.784,0.598,0.558,G,clarkja02
364,Pat Connaughton,6-5,2024-25,32,MIL,41,1,0,603,83,177,57,96,26,81,24,31,19,90,109,70,9,11,24,45,216,0.469,0.594,0.321,0.774,0.567,0.542,G,connapa01
365,Johnny Davis,6-5,2024-25,22,WAS,34,0,0,242,32,78,25,49,7,29,9,15,10,28,38,11,15,6,7,18,80,0.41,0.51,0.241,0.6,0.473,0.455,G,davisjo06
366,Spencer Dinwiddie,6-5,2024-25,31,DAL,79,30,0,2136,284,682,175,356,109,326,195,243,18,191,209,349,70,17,102,121,872,0.416,0.492,0.334,0.802,0.553,0.496,G,dinwisp01
367,Ayo Dosunmu,6-5,2024-25,25,CHI,46,26,0,1394,221,449,159,260,62,189,62,79,26,135,161,208,43,18,69,105,566,0.492,0.612,0.328,0.785,0.585,0.561,G,dosunay01
368,David Duke Jr.,6-5,2024-25,25,SAS,6,0,0,34,6,14,3,8,3,6,1,2,1,4,5,4,1,0,2,1,16,0.429,0.375,0.5,0.5,0.538,0.536,G,dukeda01
369,Dante Exum,6-5,2024-25,29,DAL,20,13,0,372,64,134,41,81,23,53,23,31,4,29,33,56,12,3,22,34,174,0.478,0.506,0.434,0.742,0.589,0.563,G,exumda01
370,Marcus Garrett,6-5,2024-25,26,CHO,4,0,0,79,11,27,8,19,3,8,3,4,1,5,6,13,3,2,6,10,28,0.407,0.421,0.375,0.75,0.487,0.463,G,garrema01
371,Josh Green,6-5,2024-25,24,CHO,68,67,0,1887,180,421,83,173,97,248,49,72,56,116,172,108,74,15,70,165,506,0.428,0.48,0.391,0.681,0.559,0.543,G-F,greenjo02
372,Quentin Grimes,6-5,2024-25,24,DALPHI,75,37,0,2013,384,823,222,402,162,421,162,214,59,265,324,228,74,22,141,138,1092,0.467,0.552,0.385,0.757,0.595,0.565,G,grimequ01
373,Tyrese Haliburton,6-5,2024-25,24,IND,73,73,0,2451,476,1006,258,444,218,562,189,222,42,216,258,673,105,49,120,92,1359,0.473,0.581,0.388,0.851,0.616,0.582,G,halibty01
374,Tim Hardaway Jr.,6-5,2024-25,32,DET,77,77,0,2153,276,680,108,223,168,457,124,145,18,165,183,123,38,7,48,96,844,0.406,0.484,0.368,0.855,0.567,0.529,G,hardati02
375,James Harden,6-5,2024-25,35,LAC,79,79,1,2789,531,1295,296,627,235,668,505,578,55,401,456,687,118,55,341,162,1802,0.41,0.472,0.352,0.874,0.582,0.501,G,hardeja01
376,Jordan Hawkins,6-5,2024-25,22,NOP,56,9,0,1321,207,556,97,224,110,332,80,98,25,133,158,66,30,23,58,51,604,0.372,0.433,0.331,0.816,0.504,0.471,G,hawkijo01
377,Killian Hayes,6-5,2024-25,23,BRK,6,5,0,162,18,43,10,22,8,21,10,12,5,13,18,31,4,4,9,13,54,0.419,0.455,0.381,0.833,0.559,0.512,G,hayeski01
378,Tyler Herro,6-5,2024-25,25,MIA,77,77,1,2725,651,1378,400,708,251,670,287,327,35,364,399,424,69,17,198,85,1840,0.472,0.565,0.375,0.878,0.605,0.563,G,herroty01
379,Harrison Ingram,6-5,2024-25,22,SAS,5,0,0,35,2,4,2,3,0,1,0,0,2,7,9,3,3,0,1,2,4,0.5,0.667,0,,0.5,0.5,F,ingraha01
380,Quenton Jackson,6-5,2024-25,26,IND,28,7,0,381,58,122,43,82,15,40,31,40,14,30,44,53,21,5,16,43,162,0.475,0.524,0.375,0.775,0.58,0.537,G,jacksqu01
381,DaQuan Jeffries,6-5,2024-25,27,CHO,47,20,0,1071,118,291,63,127,55,164,24,30,37,98,135,53,26,25,35,99,315,0.405,0.496,0.335,0.8,0.518,0.5,G-F,jeffrda01
382,Ty Jerome,6-5,2024-25,27,CLE,70,3,0,1392,319,618,208,365,111,253,129,148,50,123,173,237,78,3,92,102,878,0.516,0.57,0.439,0.872,0.643,0.606,G,jeromty01
383,Isaiah Joe,6-5,2024-25,25,OKC,74,16,0,1604,259,588,67,122,192,466,46,56,41,155,196,119,48,9,38,113,756,0.44,0.549,0.412,0.821,0.617,0.604,G,joeis01
384,Keldon Johnson,6-5,2024-25,25,SAS,77,0,0,1838,371,770,284,496,87,274,150,194,112,259,371,125,49,22,77,115,979,0.482,0.573,0.318,0.773,0.572,0.538,G,johnske04
385,Keon Johnson,6-5,2024-25,22,BRK,79,56,0,1925,303,779,177,378,126,401,107,139,63,234,297,175,82,30,116,209,839,0.389,0.468,0.314,0.77,0.499,0.47,G,johnske07
386,Derrick Jones Jr.,6-5,2024-25,27,LAC,77,55,0,1873,310,589,232,370,78,219,83,118,93,170,263,60,79,33,66,153,781,0.526,0.627,0.356,0.703,0.609,0.593,F,jonesde02
387,Dillon Jones,6-5,2024-25,23,OKC,54,3,0,551,51,133,35,70,16,63,17,28,30,91,121,58,16,4,28,54,135,0.383,0.5,0.254,0.607,0.464,0.444,F,jonesdi01
388,Luke Kennard,6-5,2024-25,28,MEM,65,11,0,1472,206,431,93,170,113,261,51,57,37,146,183,215,50,5,72,59,576,0.478,0.547,0.433,0.895,0.631,0.609,G,kennalu01
389,John Konchar,6-5,2024-25,28,MEM,46,4,0,558,41,91,18,29,23,62,7,8,37,114,151,42,30,14,16,32,112,0.451,0.621,0.371,0.875,0.592,0.577,G,konchjo01
390,Pelle Larsson,6-5,2024-25,23,MIA,55,8,0,782,89,203,57,108,32,95,41,61,28,64,92,65,32,7,24,91,251,0.438,0.528,0.337,0.672,0.546,0.517,G,larsspe01
391,Zach LaVine,6-5,2024-25,29,CHISAC,74,74,0,2602,625,1223,386,687,239,536,235,285,22,293,315,310,58,12,208,121,1724,0.511,0.562,0.446,0.825,0.639,0.609,G-F,lavinza01
392,Damion Lee,6-5,2024-25,32,PHO,25,0,0,144,27,74,18,37,9,37,20,21,3,17,20,11,6,0,10,6,83,0.365,0.486,0.243,0.952,0.499,0.426,G,leeda03
393,Terance Mann,6-5,2024-25,28,ATLLAC,67,13,0,1414,205,413,145,250,60,163,47,68,68,131,199,121,47,15,47,128,517,0.496,0.58,0.368,0.691,0.584,0.569,G-F,mannte01
394,Caleb Martin,6-5,2024-25,29,DALPHI,45,24,0,1218,129,304,92,201,37,103,61,98,53,124,177,95,46,23,56,87,356,0.424,0.458,0.359,0.622,0.513,0.485,F,martica02
395,Cody Martin,6-5,2024-25,29,CHOPHO,53,8,0,1173,136,325,93,174,43,151,43,61,53,171,224,105,56,32,51,95,358,0.418,0.534,0.285,0.705,0.509,0.485,G-F,martico01
396,Garrison Mathews,6-5,2024-25,28,ATL,47,2,0,830,102,257,17,39,85,218,64,78,13,74,87,60,26,15,31,81,353,0.397,0.436,0.39,0.821,0.606,0.562,G,mathega01
397,Vasilije Micić,6-5,2024-25,31,CHOPHO,41,16,0,785,95,273,50,148,45,125,34,41,20,69,89,128,15,0,77,45,269,0.348,0.338,0.36,0.829,0.462,0.43,G,micicva01
398,Shake Milton,6-5,2024-25,28,BRKLAL,57,2,0,837,115,254,77,148,38,106,47,59,31,73,104,102,25,4,40,67,315,0.453,0.52,0.358,0.797,0.563,0.528,G,miltosh01
399,Justin Minaya,6-5,2024-25,25,POR,19,0,0,101,8,21,6,11,2,10,0,2,5,5,10,7,6,1,5,12,18,0.381,0.545,0.2,0,0.411,0.429,F,minayju01
400,Ajay Mitchell,6-5,2024-25,22,OKC,36,1,0,597,91,184,68,124,23,60,29,35,18,50,68,64,25,4,29,68,234,0.495,0.548,0.383,0.829,0.587,0.557,G,mitchaj01
401,Moses Moody,6-5,2024-25,22,GSW,74,34,0,1649,246,568,120,231,126,337,106,133,52,137,189,96,59,31,54,116,724,0.433,0.519,0.374,0.797,0.578,0.544,G,moodymo01
402,Taze Moore,6-5,2024-25,26,POR,2,0,0,20,2,10,1,6,1,4,1,2,4,4,8,1,2,0,2,0,6,0.2,0.167,0.25,0.5,0.276,0.25,G,mooreta02
403,Wendell Moore Jr.,6-5,2024-25,23,CHODET,36,1,0,499,59,126,45,85,14,41,18,22,30,65,95,42,20,5,27,31,150,0.468,0.529,0.341,0.818,0.553,0.524,G-F,moorewe01
404,Dejounte Murray,6-5,2024-25,28,NOP,31,31,0,1012,194,494,142,320,52,174,102,124,17,183,200,228,63,12,106,61,542,0.393,0.444,0.299,0.823,0.494,0.445,G,murrade01
405,Andrew Nembhard,6-5,2024-25,25,IND,65,65,0,1881,247,539,196,364,51,175,108,136,34,182,216,326,79,11,112,149,653,0.458,0.538,0.291,0.794,0.545,0.506,G,nembhan01
406,Aaron Nesmith,6-5,2024-25,25,IND,45,37,0,1123,192,379,108,184,84,195,73,80,37,141,178,54,35,17,37,114,541,0.507,0.587,0.431,0.913,0.653,0.617,G-F,nesmiaa01
407,Tristen Newton,6-5,2024-25,23,INDMIN,8,0,0,16,1,8,1,5,0,3,1,1,2,2,4,2,1,0,2,4,3,0.125,0.2,0,1,0.178,0.125,G,newtotr01
408,Daishen Nix,6-5,2024-25,22,MIN,3,0,0,13,0,1,0,0,0,1,1,2,0,4,4,3,0,0,4,1,1,0,,0,0.5,0.266,0,G,nixda01
409,Isaac Okoro,6-5,2024-25,24,CLE,55,22,0,1053,124,267,68,116,56,151,33,46,49,81,130,68,32,16,23,104,337,0.464,0.586,0.371,0.717,0.587,0.569,G-F,okorois01
410,Brandin Podziemski,6-5,2024-25,21,GSW,64,33,0,1716,280,629,165,320,115,309,72,95,65,260,325,220,69,13,75,95,747,0.445,0.516,0.372,0.758,0.557,0.537,G,podzibr01
411,Lester Quiñones,6-5,2024-25,24,NOPPHI,13,0,0,183,31,78,18,34,13,44,11,13,4,15,19,24,3,2,14,18,86,0.397,0.529,0.295,0.846,0.514,0.481,G,quinole01
412,Austin Reaves,6-5,2024-25,26,LAL,73,73,0,2550,477,1037,277,506,200,531,321,366,61,268,329,421,81,22,177,151,1475,0.46,0.547,0.377,0.877,0.616,0.556,G,reaveau01
413,Antonio Reeves,6-5,2024-25,24,NOP,44,6,0,660,113,248,62,119,51,129,28,35,18,45,63,39,21,4,30,40,305,0.456,0.521,0.395,0.8,0.579,0.558,G,reevean01
414,Josh Richardson,6-5,2024-25,31,MIA,8,0,0,150,11,38,5,16,6,22,4,4,6,6,12,12,8,1,8,17,32,0.289,0.313,0.273,1,0.402,0.368,G,richajo01
415,Max Strus,6-5,2024-25,28,CLE,50,37,0,1273,165,373,52,80,113,293,28,34,53,164,217,158,26,12,54,104,471,0.442,0.65,0.386,0.824,0.607,0.594,G,strusma01
416,Jalen Suggs,6-5,2024-25,23,ORL,35,35,0,1002,197,481,121,239,76,242,97,110,23,118,141,129,51,33,102,98,567,0.41,0.506,0.314,0.882,0.536,0.489,G,suggsja01
417,Terry Taylor,6-5,2024-25,25,SAC,3,0,0,6,0,1,0,1,0,0,0,0,1,0,1,2,0,0,0,0,0,0,0,,,0,0,G-F,taylote01
418,Garrett Temple,6-5,2024-25,38,TOR,28,0,0,227,18,60,12,32,6,28,11,12,9,20,29,31,17,2,10,23,53,0.3,0.375,0.214,0.917,0.406,0.35,G,templga01
419,Klay Thompson,6-5,2024-25,34,DAL,72,72,0,1965,361,877,145,324,216,553,67,74,44,202,246,145,50,30,88,81,1005,0.412,0.448,0.391,0.905,0.552,0.535,G-F,thompkl01
420,Matisse Thybulle,6-5,2024-25,27,POR,15,5,0,312,42,88,21,40,21,48,7,15,14,38,52,28,33,9,13,14,112,0.477,0.525,0.438,0.467,0.592,0.597,G,thybuma01
421,Gary Trent Jr.,6-5,2024-25,26,MIL,74,9,0,1893,283,657,103,224,180,433,78,92,20,148,168,87,72,4,42,124,824,0.431,0.46,0.416,0.848,0.591,0.568,G,trentga02
422,P.J. Tucker,6-5,2024-25,39,NYK,3,1,0,58,3,7,0,1,3,6,0,0,4,4,8,0,1,1,1,8,9,0.429,0,0.5,,0.643,0.643,F,tuckepj01
423,Devin Vassell,6-5,2024-25,24,SAS,64,53,0,1983,394,889,236,460,158,429,95,120,34,221,255,183,84,33,88,108,1041,0.443,0.513,0.368,0.792,0.553,0.532,G-F,vassede01
424,Ja'Kobe Walter,6-5,2024-25,20,TOR,52,18,0,1103,159,393,94,207,65,186,66,83,59,101,160,81,43,10,50,95,449,0.405,0.454,0.349,0.795,0.523,0.487,G,walteja01
425,Blake Wesley,6-5,2024-25,21,SAS,58,0,0,683,81,186,64,128,17,58,38,61,17,44,61,114,37,6,54,46,217,0.435,0.5,0.293,0.623,0.51,0.481,G,weslebl01
426,Coby White,6-5,2024-25,24,CHI,74,73,0,2450,508,1121,292,537,216,584,277,307,25,248,273,330,69,16,177,154,1509,0.453,0.544,0.37,0.902,0.601,0.55,G,whiteco01
427,Jeenathan Williams,6-5,2024-25,25,HOU,20,0,0,147,27,62,21,36,6,26,5,8,5,8,13,9,8,4,14,16,65,0.435,0.583,0.231,0.625,0.496,0.484,G,willije02
428,Delon Wright,6-5,2024-25,32,MILNYK,40,7,0,635,45,131,25,58,20,73,15,25,27,39,66,77,35,12,22,25,125,0.344,0.431,0.274,0.6,0.44,0.42,G,wrighde01
429,Trey Alexander,6-4,2024-25,21,DEN,24,0,0,117,13,41,10,24,3,17,3,4,1,11,12,11,2,1,5,10,32,0.317,0.417,0.176,0.75,0.374,0.354,G,alexatr01
430,Grayson Allen,6-4,2024-25,29,PHO,64,7,0,1544,219,489,70,139,149,350,93,114,34,160,194,137,54,19,75,95,680,0.448,0.504,0.426,0.816,0.631,0.6,G,allengr01
431,Damion Baugh,6-4,2024-25,24,CHO,15,2,0,370,42,130,30,74,12,56,13,15,14,36,50,56,15,2,31,22,109,0.323,0.405,0.214,0.867,0.399,0.369,G,baughda01
432,Bradley Beal,6-4,2024-25,31,PHO,53,38,0,1702,345,694,243,430,102,264,110,137,34,143,177,195,58,28,99,136,902,0.497,0.565,0.386,0.803,0.598,0.571,G,bealbr01
433,Malik Beasley,6-4,2024-25,28,DET,82,18,0,2283,461,1071,142,305,319,766,95,140,47,167,214,139,73,5,83,125,1336,0.43,0.466,0.416,0.679,0.59,0.579,G,beaslma01
434,Malaki Branham,6-4,2024-25,21,SAS,47,0,0,427,87,190,53,106,34,84,27,33,7,44,51,38,11,2,34,29,235,0.458,0.5,0.405,0.818,0.575,0.547,G,branhma01
435,Malcolm Brogdon,6-4,2024-25,32,WAS,24,13,0,564,104,240,88,184,16,56,81,92,21,70,91,98,13,5,38,30,305,0.433,0.478,0.286,0.88,0.544,0.467,G,brogdma01
436,Bruce Brown,6-4,2024-25,28,NOPTOR,41,12,0,922,130,309,103,228,27,81,53,65,40,124,164,84,34,10,39,71,340,0.421,0.452,0.333,0.815,0.504,0.464,G-F,brownbr01
437,Kobe Bufkin,6-4,2024-25,21,ATL,10,0,0,124,18,47,14,28,4,19,13,18,5,16,21,17,3,2,8,9,53,0.383,0.5,0.211,0.722,0.483,0.426,G,bufkiko01
438,Bub Carrington,6-4,2024-25,19,WAS,82,57,0,2458,300,748,162,341,138,407,69,85,33,308,341,364,54,21,141,190,807,0.401,0.475,0.339,0.812,0.514,0.493,G,carrica01
439,Terence Davis,6-4,2024-25,27,SAC,1,0,0,8,0,2,0,1,0,1,0,0,0,1,1,1,0,0,0,0,0,0,0,0,,0,0,G,daviste02
440,Donte DiVincenzo,6-4,2024-25,28,MIN,62,10,0,1606,250,593,76,155,174,438,49,63,32,196,228,225,73,17,99,114,723,0.422,0.49,0.397,0.778,0.582,0.568,G,divindo01
441,Luguentz Dort,6-4,2024-25,25,OKC,71,71,0,2073,258,593,88,180,170,413,33,46,89,204,293,115,79,39,51,208,719,0.435,0.489,0.412,0.717,0.586,0.578,G,dortlu01
442,Anthony Edwards,6-4,2024-25,23,MIN,79,79,1,2871,721,1612,401,801,320,811,415,496,61,389,450,359,91,51,249,150,2177,0.447,0.501,0.395,0.837,0.595,0.547,G-F,edwaran01
443,Markelle Fultz,6-4,2024-25,26,SAC,21,0,0,184,28,67,24,59,4,8,1,1,6,14,20,27,10,2,15,12,61,0.418,0.407,0.5,1,0.452,0.448,G,fultzma01
444,Keyonte George,6-4,2024-25,21,UTA,67,35,0,2109,359,919,185,412,174,507,233,285,26,227,253,377,46,9,183,111,1125,0.391,0.449,0.343,0.818,0.539,0.485,G,georgke01
445,A.J. Green,6-4,2024-25,25,MIL,73,7,0,1659,182,424,27,61,155,363,22,27,18,156,174,108,37,7,40,157,541,0.429,0.443,0.427,0.815,0.621,0.612,G,greenaj01
446,Javonte Green,6-4,2024-25,31,CLENOP,68,19,0,1258,123,287,77,146,46,141,55,76,59,159,218,56,65,31,32,98,347,0.429,0.527,0.326,0.724,0.541,0.509,F,greenja02
447,Jalen Green,6-4,2024-25,22,HOU,82,82,0,2697,608,1437,374,776,234,661,273,336,45,332,377,282,71,27,203,127,1723,0.423,0.482,0.354,0.813,0.544,0.505,G,greenja05
448,Jaden Hardy,6-4,2024-25,22,DAL,57,3,0,907,180,414,104,217,76,197,60,86,9,80,89,81,28,5,82,90,496,0.435,0.479,0.386,0.698,0.549,0.527,G,hardyja02
449,Gary Harris,6-4,2024-25,30,ORL,48,3,0,711,51,133,15,32,36,101,7,12,20,44,64,30,26,12,17,45,145,0.383,0.469,0.356,0.583,0.524,0.519,G,harriga01
450,Josh Hart,6-4,2024-25,29,NYK,77,77,0,2897,404,770,320,518,84,252,159,205,161,576,737,453,119,27,158,201,1051,0.525,0.618,0.333,0.776,0.611,0.579,G,hartjo01
451,Buddy Hield,6-4,2024-25,32,GSW,82,22,0,1863,328,786,125,237,203,549,53,64,51,213,264,134,69,23,91,132,912,0.417,0.527,0.37,0.828,0.56,0.546,G-F,hieldbu01
452,Jrue Holiday,6-4,2024-25,34,BOS,62,62,0,1896,254,573,146,267,108,306,70,77,76,189,265,239,66,27,77,101,686,0.443,0.547,0.353,0.909,0.565,0.538,G,holidjr01
453,Talen Horton-Tucker,6-4,2024-25,24,CHI,58,0,0,724,133,291,92,169,41,122,72,98,19,81,100,83,21,11,40,59,379,0.457,0.544,0.336,0.735,0.567,0.527,G-F,hortota01
454,Jaden Ivey,6-4,2024-25,22,DET,30,30,0,898,190,413,127,259,63,154,85,116,40,84,124,119,28,11,89,67,528,0.46,0.49,0.409,0.733,0.569,0.536,G,iveyja01
455,AJ Johnson,6-4,2024-25,20,MILWAS,29,11,0,639,82,213,58,123,24,90,32,37,8,51,59,76,12,3,35,50,220,0.385,0.472,0.267,0.865,0.48,0.441,G,johnsaj01
456,Mason Jones,6-4,2024-25,26,SAC,10,0,0,45,9,18,8,10,1,8,4,5,2,7,9,11,0,1,1,3,23,0.5,0.8,0.125,0.8,0.569,0.528,G,jonesma05
457,Sam Merrill,6-4,2024-25,28,CLE,71,4,0,1401,172,424,35,56,137,368,28,29,38,119,157,108,53,14,35,124,509,0.406,0.625,0.372,0.966,0.583,0.567,G,merrisa01
458,Jamal Murray,6-4,2024-25,27,DEN,67,67,0,2418,531,1121,375,724,156,397,218,246,45,216,261,403,91,33,138,128,1436,0.474,0.518,0.393,0.886,0.584,0.543,G,murraja01
459,Jaylen Nowell,6-4,2024-25,25,NOP,8,0,0,168,26,73,18,46,8,27,7,11,6,14,20,18,1,4,8,9,67,0.356,0.391,0.296,0.636,0.43,0.411,G,nowelja01
460,Josh Okogie,6-4,2024-25,26,CHOPHO,40,7,0,625,94,212,62,120,32,92,63,85,45,68,113,33,48,18,31,47,283,0.443,0.517,0.348,0.741,0.567,0.519,G,okogijo01
461,Royce O'Neale,6-4,2024-25,31,PHO,75,22,0,1837,241,570,62,129,179,441,19,26,53,296,349,163,67,34,65,151,680,0.423,0.481,0.406,0.731,0.585,0.58,F,onealro01
462,Jalen Pickett,6-4,2024-25,25,DEN,49,4,0,666,77,180,37,79,40,101,6,8,15,56,71,107,19,5,24,38,200,0.428,0.468,0.396,0.75,0.545,0.539,G,pickeja02
463,Jordan Poole,6-4,2024-25,25,WAS,68,68,0,2001,457,1057,222,435,235,622,242,274,31,172,203,303,86,27,204,201,1391,0.432,0.51,0.378,0.883,0.591,0.544,G,poolejo01
464,Kevin Porter Jr.,6-4,2024-25,24,LACMIL,75,4,0,1482,293,652,238,475,55,177,130,169,42,236,278,256,81,13,136,119,771,0.449,0.501,0.311,0.769,0.531,0.492,G,porteke02
465,Zyon Pullin,6-4,2024-25,23,MEM,3,0,0,3,0,1,0,1,0,0,0,0,0,0,0,0,0,0,0,0,0,0,0,,,0,0,G,pullizy01
466,David Roddy,6-4,2024-25,23,ATLHOUPHI,33,3,0,410,57,125,38,64,19,61,20,26,13,71,84,35,14,9,22,20,153,0.456,0.594,0.311,0.769,0.561,0.532,F,roddyda01
467,Ryan Rollins,6-4,2024-25,22,MIL,56,19,0,820,132,271,83,151,49,120,36,45,21,87,108,104,42,17,53,88,349,0.487,0.55,0.408,0.8,0.6,0.577,G,rolliry01
468,Landry Shamet,6-4,2024-25,27,NYK,50,0,0,762,106,230,44,74,62,156,12,18,11,50,61,27,23,2,22,52,286,0.461,0.595,0.397,0.667,0.601,0.596,G,shamela01
469,Jaden Springer,6-4,2024-25,22,BOSUTA,43,2,0,365,35,90,23,42,12,48,27,38,17,41,58,33,24,4,16,42,109,0.389,0.548,0.25,0.711,0.511,0.456,G,sprinja01
470,Jae'Sean Tate,6-4,2024-25,29,HOU,52,2,0,588,70,148,54,102,16,46,32,47,50,67,117,47,26,7,22,82,188,0.473,0.529,0.348,0.681,0.557,0.527,F,tateja01
471,Cam Thomas,6-4,2024-25,23,BRK,25,23,0,781,199,454,131,259,68,195,133,151,15,68,83,94,15,2,62,44,599,0.438,0.506,0.349,0.881,0.575,0.513,G,thomaca02
472,Lonnie Walker IV,6-4,2024-25,26,PHI,20,7,0,477,89,212,44,85,45,127,24,30,6,57,63,50,10,5,25,27,247,0.42,0.518,0.354,0.8,0.548,0.526,G,walkelo01
473,Cason Wallace,6-4,2024-25,21,OKC,68,43,0,1876,232,489,158,281,74,208,30,37,71,158,229,173,120,35,59,145,568,0.474,0.562,0.356,0.811,0.562,0.55,G,wallaca01
474,Russell Westbrook,6-4,2024-25,36,DEN,75,36,0,2092,373,831,279,540,94,291,154,233,102,268,370,457,106,37,242,188,994,0.449,0.517,0.323,0.661,0.532,0.505,G,westbru01
475,Derrick White,6-4,2024-25,30,BOS,76,76,0,2574,424,959,159,268,265,691,135,161,67,274,341,361,72,80,131,138,1248,0.442,0.593,0.384,0.839,0.606,0.58,G,whitede01
476,Alondes Williams,6-4,2024-25,25,DET,1,0,0,4,2,2,1,1,1,1,0,0,0,0,0,1,0,0,0,0,5,1,1,1,,1.25,1.25,G,willial06
477,Vince Williams Jr.,6-4,2024-25,24,MEM,27,5,0,499,67,167,41,72,26,95,19,24,22,76,98,55,12,7,33,45,179,0.401,0.569,0.274,0.792,0.504,0.479,F,willivi01
478,Isaiah Wong,6-4,2024-25,24,CHO,20,0,0,265,41,105,28,72,13,33,25,34,14,18,32,28,11,0,18,21,120,0.39,0.389,0.394,0.735,0.5,0.452,G,wongis01
479,Jared Butler,6-3,2024-25,24,PHIWAS,60,17,0,1044,203,453,143,284,60,169,75,91,25,85,110,220,42,13,80,97,541,0.448,0.504,0.355,0.824,0.549,0.514,G,butleja02
480,Jordan Clarkson,6-3,2024-25,32,UTA,37,9,0,962,201,493,117,261,84,232,114,143,25,93,118,138,31,9,86,52,600,0.408,0.448,0.362,0.797,0.54,0.493,G,clarkjo01
481,Isaiah Collier,6-3,2024-25,20,UTA,71,46,0,1839,234,555,192,386,42,169,105,154,32,203,235,446,66,16,208,149,615,0.422,0.497,0.249,0.682,0.494,0.459,G,colliis01
482,Jeff Dowtin Jr.,6-3,2024-25,27,PHI,41,3,0,621,112,230,84,160,28,70,33,45,12,48,60,78,24,12,15,29,285,0.487,0.525,0.4,0.733,0.57,0.548,G,dowtije01
483,Kris Dunn,6-3,2024-25,30,LAC,74,58,0,1783,192,437,117,213,75,224,15,22,53,198,251,210,128,27,74,197,474,0.439,0.549,0.335,0.682,0.531,0.525,G,dunnkr01
484,Adam Flagler,6-3,2024-25,25,OKC,37,0,0,203,25,96,11,24,14,72,1,2,7,20,27,12,8,3,4,15,65,0.26,0.458,0.194,0.5,0.335,0.333,G,flaglad01
485,De'Aaron Fox,6-3,2024-25,27,SACSAS,62,62,0,2241,539,1163,421,782,118,381,263,318,54,244,298,392,91,25,174,164,1459,0.463,0.538,0.31,0.827,0.56,0.514,G,foxde01
486,Jordan Goodwin,6-3,2024-25,26,LAL,29,5,0,543,63,144,37,76,26,68,9,11,38,74,112,42,30,11,26,43,161,0.438,0.487,0.382,0.818,0.541,0.528,G,goodwjo01
487,Eric Gordon,6-3,2024-25,36,PHI,39,13,0,768,87,204,31,67,56,137,36,48,8,38,46,65,26,12,28,32,266,0.426,0.463,0.409,0.75,0.591,0.564,G-F,gordoer01
488,Elijah Harkless,6-3,2024-25,24,UTA,10,0,0,138,11,35,4,10,7,25,3,6,9,12,21,8,10,1,3,18,32,0.314,0.4,0.28,0.5,0.425,0.414,G,harklej01
489,Scoot Henderson,6-3,2024-25,20,POR,66,10,0,1759,287,685,182,388,105,297,158,206,52,146,198,335,68,13,177,181,837,0.419,0.469,0.354,0.767,0.54,0.496,G,hendesc01
490,Daniss Jenkins,6-3,2024-25,23,DET,7,0,0,23,3,10,2,3,1,7,0,2,0,2,2,3,0,0,1,2,7,0.3,0.667,0.143,0,0.322,0.35,G,jenkida01
491,Tre Mann,6-3,2024-25,23,CHO,13,0,0,319,70,161,46,101,24,60,19,21,12,26,38,39,7,4,25,24,183,0.435,0.455,0.4,0.905,0.537,0.509,G,manntr01
492,CJ McCollum,6-3,2024-25,33,NOP,56,56,0,1832,444,1000,273,541,171,459,124,173,42,170,212,227,46,24,106,124,1183,0.444,0.505,0.373,0.717,0.55,0.53,G,mccolcj01
493,Donovan Mitchell,6-3,2024-25,28,CLE,71,71,1,2232,585,1320,352,687,233,633,298,362,57,265,322,354,95,17,149,140,1701,0.443,0.512,0.368,0.823,0.575,0.531,G,mitchdo01
494,Malik Monk,6-3,2024-25,26,SAC,65,45,0,2054,412,939,273,511,139,428,154,178,30,215,245,362,61,38,159,158,1117,0.439,0.534,0.325,0.865,0.549,0.513,G,monkma01
495,Quincy Olivari,6-3,2024-25,23,LAL,2,0,0,10,1,5,0,0,1,5,0,0,0,0,0,1,0,0,1,0,3,0.2,,0.2,,0.3,0.3,G,olivaqu01
496,Cameron Payne,6-3,2024-25,30,NYK,72,5,0,1090,179,446,86,190,93,256,49,54,14,90,104,203,39,16,52,111,500,0.401,0.453,0.363,0.907,0.532,0.506,G,payneca01
497,Elfrid Payton,6-3,2024-25,30,CHONOP,24,9,0,511,40,122,39,116,1,6,4,7,15,64,79,166,24,11,59,36,85,0.328,0.336,0.167,0.571,0.34,0.332,G,paytoel01
498,Norman Powell,6-3,2024-25,31,LAC,60,60,0,1958,457,945,278,517,179,428,213,265,21,169,190,125,73,9,108,114,1306,0.484,0.538,0.418,0.804,0.615,0.578,G,powelno01
499,Immanuel Quickley,6-3,2024-25,25,TOR,33,33,0,918,184,438,99,213,85,225,111,128,16,101,117,191,23,4,58,61,564,0.42,0.465,0.378,0.867,0.57,0.517,G,quickim01
500,D'Angelo Russell,6-3,2024-25,28,BRKLAL,58,36,0,1480,249,638,136,278,113,360,121,145,20,142,162,297,56,23,108,115,732,0.39,0.489,0.314,0.834,0.522,0.479,G,russeda01
501,Collin Sexton,6-3,2024-25,26,UTA,63,61,0,1758,416,867,306,596,110,271,217,251,60,111,171,264,47,6,160,144,1159,0.48,0.513,0.406,0.865,0.593,0.543,G,sextoco01
502,Anfernee Simons,6-3,2024-25,25,POR,70,70,0,2292,479,1125,264,532,215,593,175,194,25,164,189,337,60,5,143,117,1348,0.426,0.496,0.363,0.902,0.557,0.521,G,simonan01
503,Marcus Smart,6-3,2024-25,30,MEMWAS,34,7,0,680,101,257,52,116,49,141,54,71,18,54,72,109,39,9,54,53,305,0.393,0.448,0.348,0.761,0.529,0.488,G,smartma01
504,Dru Smith,6-3,2024-25,27,MIA,14,1,0,268,31,61,15,31,16,30,9,12,12,24,36,23,21,6,17,30,87,0.508,0.484,0.533,0.75,0.656,0.639,G,smithdr01
505,Cam Spencer,6-3,2024-25,24,MEM,25,1,0,252,34,82,15,30,19,52,19,19,12,18,30,34,9,1,6,23,106,0.415,0.5,0.365,1,0.587,0.53,G,spencca01
506,Pat Spencer,6-3,2024-25,28,GSW,39,0,0,250,41,101,36,79,5,22,11,15,15,31,46,48,14,3,18,20,98,0.406,0.456,0.227,0.733,0.455,0.431,G,spencpa01
507,Gabe Vincent,6-3,2024-25,28,LAL,72,11,0,1527,168,420,59,111,109,309,15,21,20,72,92,98,51,13,41,152,460,0.4,0.532,0.353,0.714,0.536,0.53,G,vincega01
508,Keaton Wallace,6-3,2024-25,25,ATL,31,5,0,501,65,162,38,80,27,82,11,11,7,43,50,81,28,9,33,39,168,0.401,0.475,0.329,1,0.503,0.485,G,wallake01
509,TyTy Washington Jr.,6-3,2024-25,23,PHO,16,0,0,118,14,45,10,24,4,21,3,6,4,9,13,16,3,0,3,4,35,0.311,0.417,0.19,0.5,0.367,0.356,G,washity02
510,Cole Anthony,6-2,2024-25,24,ORL,67,22,0,1234,230,543,153,325,77,218,93,113,46,158,204,191,45,32,103,151,630,0.424,0.471,0.353,0.823,0.531,0.494,G,anthoco01
511,Jamaree Bouyea,6-2,2024-25,25,MIL,5,1,0,62,6,12,5,7,1,5,4,6,1,4,5,10,4,2,8,2,17,0.5,0.714,0.2,0.667,0.581,0.542,G,bouyeja01
512,Jalen Brunson,6-2,2024-25,28,NYK,65,65,1,2301,585,1200,433,803,152,397,368,448,27,160,187,475,60,8,164,138,1690,0.488,0.539,0.383,0.821,0.605,0.551,G,brunsja01
513,Devin Carter,6-2,2024-25,22,SAC,36,0,0,396,47,127,29,66,18,61,26,44,19,57,76,41,21,4,18,39,138,0.37,0.439,0.295,0.591,0.471,0.441,G,cartede02
514,D.J. Carton,6-2,2024-25,24,TOR,4,0,0,33,1,7,1,4,0,3,1,1,0,4,4,3,2,0,4,1,3,0.143,0.25,0,1,0.202,0.143,G,cartodj01
515,Stephen Curry,6-2,2024-25,36,GSW,70,70,1,2252,564,1258,253,474,311,784,279,299,40,270,310,421,80,30,200,95,1718,0.448,0.534,0.397,0.933,0.618,0.572,G,curryst01
516,RayJ Dennis,6-2,2024-25,23,IND,11,0,0,70,11,33,5,12,6,21,2,2,2,10,12,14,7,2,5,7,30,0.333,0.417,0.286,1,0.443,0.424,G,dennira01
517,Tyson Etienne,6-2,2024-25,25,BRK,7,0,0,151,17,52,4,8,13,44,8,10,3,6,9,12,3,1,8,17,55,0.327,0.5,0.295,0.8,0.488,0.452,G,etienty01
518,Jazian Gortman,6-2,2024-25,21,DAL,16,0,0,57,9,23,5,12,4,11,2,4,1,4,5,6,2,1,5,9,24,0.391,0.417,0.364,0.5,0.485,0.478,G,gortmja01
519,Bones Hyland,6-2,2024-25,24,LACMIN,24,0,0,239,47,118,15,36,32,82,23,26,5,20,25,32,18,4,25,29,149,0.398,0.417,0.39,0.885,0.576,0.534,G,hylanbo01
520,Kyrie Irving,6-2,2024-25,32,DAL,50,50,1,1804,447,945,303,586,144,359,196,214,60,180,240,231,66,23,111,101,1234,0.473,0.517,0.401,0.916,0.594,0.549,G,irvinky01
521,Reggie Jackson,6-2,2024-25,34,PHI,31,1,0,384,52,133,27,59,25,74,7,9,8,34,42,45,16,3,17,34,136,0.391,0.458,0.338,0.778,0.496,0.485,G,jacksre01
522,Bronny James,6-2,2024-25,20,LAL,27,1,0,181,21,67,12,35,9,32,11,14,4,14,18,22,9,3,13,13,62,0.313,0.343,0.281,0.786,0.424,0.381,G,jamesbr02
523,Cory Joseph,6-2,2024-25,33,ORL,50,16,0,612,62,154,23,47,39,107,14,18,17,57,74,72,26,4,18,50,177,0.403,0.489,0.364,0.778,0.547,0.529,G,josepco01
524,Damian Lillard,6-2,2024-25,34,MIL,58,58,1,2093,444,992,247,468,197,524,362,393,29,243,272,410,70,10,162,97,1447,0.448,0.528,0.376,0.921,0.621,0.547,G,lillada01
525,Tyrese Maxey,6-2,2024-25,24,PHI,52,52,0,1960,477,1091,316,613,161,478,254,289,15,159,174,317,91,21,124,116,1369,0.437,0.515,0.337,0.879,0.562,0.511,G,maxeyty01
526,Miles McBride,6-2,2024-25,24,NYK,64,10,0,1593,222,547,107,235,115,312,52,64,47,114,161,187,67,17,41,108,611,0.406,0.455,0.369,0.813,0.531,0.511,G,mcbrimi01
527,Jared McCain,6-2,2024-25,20,PHI,23,8,0,592,126,274,75,141,51,133,49,56,13,43,56,60,15,0,37,37,352,0.46,0.532,0.383,0.875,0.589,0.553,G,mccaija01
528,Mac McClung,6-2,2024-25,26,ORL,2,0,0,10,0,2,0,1,0,1,0,0,0,1,1,3,0,0,0,2,0,0,0,0,,0,0,G,mccluma01
529,De'Anthony Melton,6-2,2024-25,26,GSW,6,2,0,121,22,54,9,19,13,35,5,8,6,14,20,17,7,2,10,18,62,0.407,0.474,0.371,0.625,0.539,0.528,G,meltode01
530,Patty Mills,6-2,2024-25,36,LACUTA,29,0,0,321,36,96,10,21,26,75,13,14,4,18,22,26,13,3,17,24,111,0.375,0.476,0.347,0.929,0.543,0.51,G,millspa02
531,Davion Mitchell,6-2,2024-25,26,MIATOR,74,37,0,2027,223,476,139,265,84,211,58,84,35,132,167,363,72,16,128,185,588,0.468,0.525,0.398,0.69,0.573,0.557,G,mitchda01
532,Ja Morant,6-2,2024-25,25,MEM,50,50,0,1519,404,889,316,604,88,285,263,319,34,171,205,364,61,12,185,113,1159,0.454,0.523,0.309,0.824,0.563,0.504,G,moranja01
533,Monte Morris,6-2,2024-25,29,PHO,45,0,0,571,83,195,52,109,31,86,36,42,12,55,67,73,20,3,21,23,233,0.426,0.477,0.36,0.857,0.546,0.505,G,morrimo01
534,Gary Payton II,6-2,2024-25,32,GSW,62,11,0,927,171,298,140,203,31,95,27,38,53,132,185,83,52,17,39,108,400,0.574,0.69,0.326,0.711,0.635,0.626,G,paytoga02
535,Craig Porter Jr.,6-2,2024-25,24,CLE,51,1,0,513,72,140,51,92,21,48,23,32,19,48,67,71,17,15,38,25,188,0.514,0.554,0.438,0.719,0.61,0.589,G,portecr01
536,Marcus Sasser,6-2,2024-25,24,DET,57,1,0,811,137,296,79,144,58,152,43,51,18,51,69,133,37,4,54,72,375,0.463,0.549,0.382,0.843,0.589,0.561,G,sassema01
537,Reed Sheppard,6-2,2024-25,20,HOU,52,3,0,654,84,239,36,97,48,142,13,16,16,62,78,75,35,17,37,53,229,0.351,0.371,0.338,0.813,0.465,0.452,G,sheppre01
538,Nick Smith Jr.,6-2,2024-25,20,CHO,60,27,0,1369,222,568,118,262,104,306,43,46,13,115,128,145,17,6,82,79,591,0.391,0.45,0.34,0.935,0.502,0.482,G,smithni01
539,Jahmir Young,6-2,2024-25,24,CHI,6,0,0,30,4,5,3,3,1,2,2,2,1,2,3,6,0,0,1,2,11,0.8,1,0.5,1,0.935,0.9,G,youngja05
540,Reece Beekman,6-1,2024-25,23,BRKGSW,36,4,0,469,35,107,28,67,7,40,16,21,13,26,39,63,33,2,21,36,93,0.327,0.418,0.175,0.762,0.4,0.36,G,beekmre01
541,Jevon Carter,6-1,2024-25,29,CHI,36,1,0,321,55,146,20,41,35,105,8,10,4,35,39,40,13,3,11,15,153,0.377,0.488,0.333,0.8,0.509,0.497,G,carteje01
542,Seth Curry,6-1,2024-25,34,CHO,68,14,0,1062,164,343,81,161,83,182,33,39,24,89,113,60,27,7,32,59,444,0.478,0.503,0.456,0.846,0.616,0.599,G,curryse01
543,JD Davison,6-1,2024-25,22,BOS,16,0,0,93,12,34,8,16,4,18,5,7,2,11,13,13,5,1,13,2,33,0.353,0.5,0.222,0.714,0.445,0.412,G,davisjd01
544,Rob Dillingham,6-1,2024-25,20,MIN,49,1,0,516,93,211,68,137,25,74,8,15,12,38,50,98,20,1,53,37,219,0.441,0.496,0.338,0.533,0.503,0.5,G,dilliro01
545,Malachi Flynn,6-1,2024-25,26,CHO,4,0,0,44,5,13,4,9,1,4,5,6,3,4,7,7,3,0,4,4,16,0.385,0.444,0.25,0.833,0.512,0.423,G,flynnma01
546,Darius Garland,6-1,2024-25,25,CLE,75,75,1,2301,554,1174,342,645,212,529,224,255,47,167,214,506,91,11,189,143,1544,0.472,0.53,0.401,0.878,0.6,0.562,G,garlada01
547,Collin Gillespie,6-1,2024-25,25,PHO,33,9,0,461,68,158,29,68,39,90,19,22,22,56,78,78,21,5,17,30,194,0.43,0.426,0.433,0.864,0.578,0.554,G,gilleco01
548,Tre Jones,6-1,2024-25,25,CHISAS,46,9,0,905,128,238,109,190,19,48,55,67,31,85,116,192,37,10,35,55,330,0.538,0.574,0.396,0.821,0.617,0.578,G,jonestr01
549,Tyus Jones,6-1,2024-25,28,PHO,81,58,0,2174,306,683,140,282,166,401,51,57,40,156,196,429,69,8,91,63,829,0.448,0.496,0.414,0.895,0.585,0.57,G,jonesty01
550,Tyler Kolek,6-1,2024-25,23,NYK,41,0,0,296,27,82,13,35,14,47,13,17,8,19,27,70,12,4,18,26,81,0.329,0.371,0.298,0.765,0.453,0.415,G,kolekty01
551,T.J. McConnell,6-1,2024-25,32,IND,79,1,0,1415,324,624,309,575,15,49,57,77,44,149,193,351,83,21,109,79,720,0.519,0.537,0.306,0.74,0.547,0.531,G,mccontj01
552,Scotty Pippen Jr.,6-1,2024-25,24,MEM,79,21,0,1683,285,594,198,375,87,219,122,171,65,194,259,347,103,30,138,203,779,0.48,0.528,0.397,0.713,0.582,0.553,G,pippesc02
553,Payton Pritchard,6-1,2024-25,27,BOS,80,3,0,2271,409,866,154,240,255,626,71,84,102,205,307,279,70,14,83,118,1144,0.472,0.642,0.407,0.845,0.633,0.62,G,pritcpa01
554,Terry Rozier,6-1,2024-25,30,MIA,64,23,0,1658,248,635,157,327,91,308,92,108,44,194,238,167,37,14,78,73,679,0.391,0.48,0.295,0.852,0.497,0.462,G,roziete01
555,Dennis Schröder,6-1,2024-25,31,BRKDETGSW,75,49,0,2105,336,827,209,456,127,371,181,216,27,171,198,404,66,12,142,180,980,0.406,0.458,0.342,0.838,0.531,0.483,G,schrode01
556,Brandon Williams,6-1,2024-25,25,DAL,33,3,0,487,98,188,74,128,24,60,55,66,12,46,58,76,24,5,39,33,275,0.521,0.578,0.4,0.833,0.634,0.585,G,willibr03
557,Trae Young,6-1,2024-25,26,ATL,76,76,1,2739,566,1376,348,734,218,642,491,561,36,200,236,880,91,12,355,145,1841,0.411,0.474,0.34,0.875,0.567,0.491,G,youngtr01
558,Jose Alvarado,6-0,2024-25,26,NOP,56,23,0,1366,204,521,93,212,111,309,60,74,27,109,136,259,74,14,86,91,579,0.392,0.439,0.359,0.811,0.523,0.498,G,alvarjo01
559,Yuri Collins,6-0,2024-25,23,GSW,2,0,0,16,1,3,1,3,0,0,0,0,2,1,3,4,2,0,0,5,2,0.333,0.333,,,0.333,0.333,G,colliyu01
560,Mike Conley,6-0,2024-25,37,MIN,71,64,0,1756,187,468,60,158,127,310,81,90,32,150,182,319,79,14,75,111,582,0.4,0.38,0.41,0.9,0.573,0.535,G,conlemi01
561,Aaron Holiday,6-0,2024-25,28,HOU,62,3,0,792,117,268,45,87,72,181,34,41,13,65,78,83,19,11,37,64,340,0.437,0.517,0.398,0.829,0.594,0.571,G,holidaa01
562,Kyle Lowry,6-0,2024-25,38,PHI,35,12,0,659,41,117,12,29,29,88,27,33,11,56,67,96,33,11,21,62,138,0.35,0.414,0.33,0.818,0.525,0.474,G,lowryky01
563,Jordan McLaughlin,6-0,2024-25,28,SACSAS,46,0,0,314,31,72,12,26,19,46,17,22,6,24,30,51,16,1,16,18,98,0.431,0.462,0.413,0.773,0.6,0.563,G,mclaujo01
564,Chris Paul,6-0,2024-25,39,SAS,82,82,0,2292,249,583,109,212,140,371,85,92,33,263,296,605,103,22,129,151,723,0.427,0.514,0.377,0.924,0.58,0.547,G,paulch01
565,Jamal Shead,6-0,2024-25,22,TOR,75,11,0,1467,204,504,132,281,72,223,53,69,30,85,115,316,58,10,117,158,533,0.405,0.47,0.323,0.768,0.499,0.476,G,sheadja01
566,KJ Simpson,6-0,2024-25,22,CHO,36,15,0,842,104,301,71,171,33,130,41,50,39,70,109,112,34,6,56,56,282,0.346,0.415,0.254,0.82,0.437,0.4,G,simpskj01
567,Isaiah Stevens,6-0,2024-25,24,MIA,3,0,0,6,0,2,0,1,0,1,0,0,0,2,2,0,1,0,0,0,0,0,0,0,,0,0,G,steveis01
568,Fred VanVleet,6-0,2024-25,30,HOU,60,60,0,2111,287,759,128,298,159,461,111,137,32,189,221,333,94,25,87,140,844,0.378,0.43,0.345,0.81,0.515,0.483,G,vanvlfr01
569,Yuki Kawamura,5-8,2024-25,23,MEM,22,0,0,93,11,30,4,7,7,23,7,9,0,12,12,19,2,0,5,8,36,0.367,0.571,0.304,0.778,0.53,0.483,G,kawamyu01