Rk,Player,Age,Team,Pos,G,GS,MP,FG%,Dist.,2P,0-3,3-10,10-16,16-3P,3P,2P,0-3,3-10,10-16,16-3P,3P,2P,3P,%FGA,#,%3PA,3P%,Att.,Md.,Awards,ID
432,Mitchell Robinson,26,NYK,C,17,3,290,0.661,1.1,1,0.893,0.107,0,0,0,0.661,0.72,0.167,,,,0.378,,0.411,20,,,0,0,,robinmi01
545,Tolu Smith,24,DET,PF,1,0,22,0.667,1.6,1,0.889,0.111,0,0,0,0.667,0.75,0,,,,0.667,,0,0,,,0,0,,smithto05
502,Isaiah Jackson,23,IND,C,5,1,84,0.609,1.9,1,0.783,0.217,0,0,0,0.609,0.611,0.6,,,,0.857,,0.304,6,,,0,0,,jacksis01
547,Adama Sanogo,22,CHI,C,4,0,21,0.571,2.1,1,0.714,0.286,0,0,0,0.571,0.6,0.5,,,,0.5,,0.143,0,,,0,0,,sanogad01
287,Adem Bona,21,PHI,C,58,11,905,0.703,2.3,0.995,0.755,0.229,0.01,0,0.005,0.707,0.731,0.659,0,,0,0.696,,0.401,64,1,0,0,0,,bonaad01
327,DeAndre Jordan,36,DEN,C,56,5,691,0.65,2.3,1,0.686,0.314,0,0,0,0.65,0.76,0.409,,,,0.714,,0.514,58,,,0,0,,jordade01
36,Rudy Gobert,32,MIN,C,72,72,2388,0.669,2.4,1,0.757,0.218,0.022,0.004,0,0.669,0.79,0.324,0,0,,0.707,,0.494,225,,,0,0,DPOY-13DEF2,goberru01
85,Jalen Duren,21,DET,C,78,78,2034,0.692,2.5,1,0.663,0.332,0.004,0.002,0,0.692,0.76,0.558,0.5,1,,0.624,,0.441,219,,,0,0,,durenja01
341,Jericho Sims,26,2TM,C,53,5,632,0.634,2.5,1,0.718,0.239,0.042,0,0,0.634,0.725,0.412,0.333,,,0.8,,0.577,35,,,0,0,,simsje01
231,Daniel Gafford,26,DAL,C,57,31,1226,0.702,2.6,1,0.69,0.298,0.012,0,0,0.702,0.748,0.6,0.6,,,0.721,,0.325,113,,,0,0,,gaffoda01
97,Yves Missi,20,NOP,C,73,67,1956,0.547,2.8,0.998,0.667,0.311,0.018,0.002,0.002,0.548,0.619,0.405,0.444,0,0,0.677,,0.297,116,0,,1,0,,missiyv01
204,Luke Kornet,29,BOS,C,73,16,1361,0.668,2.8,0.989,0.732,0.225,0.029,0.004,0.011,0.675,0.761,0.429,0.375,1,0,0.695,,0.354,86,0.333,0,0,0,,kornelu01
254,Jaxson Hayes,24,LAL,C,56,35,1093,0.722,2.9,0.987,0.664,0.309,0.013,0,0.013,0.732,0.838,0.522,0.333,,0,0.857,,0.578,120,0.333,0,0,0,,hayesja02
239,Clint Capela,30,ATL,C,55,41,1176,0.559,3,0.997,0.638,0.323,0.033,0.003,0.003,0.56,0.643,0.429,0.308,0,0,0.775,,0.262,87,0,,0,0,,capelca01
299,Dereck Lively II,20,DAL,C,36,29,833,0.702,3.1,1,0.571,0.403,0.026,0,0,0.702,0.798,0.597,0.2,,,0.791,,0.393,66,,,0,0,,livelde01
485,Moses Brown,25,2TM,C,13,2,119,0.694,3.2,1,0.612,0.347,0.041,0,0,0.694,0.933,0.353,0,,,0.647,,0.286,14,,,0,0,,brownmo01
275,Trayce Jackson-Davis,24,GSW,C,62,37,967,0.576,3.4,0.99,0.49,0.49,0.003,0.007,0.01,0.582,0.703,0.473,0,0,0,0.799,,0.387,101,0.667,0,0,0,,jackstr02
454,Ariel Hukporti,22,NYK,C,25,1,217,0.677,3.4,1,0.645,0.258,0.097,0,0,0.677,0.75,0.5,0.667,,,0.952,,0.323,10,,,0,0,,hukpoar01
411,Charles Bassey,24,SAS,C,36,1,376,0.581,3.5,1,0.598,0.299,0.094,0.009,0,0.581,0.614,0.571,0.455,0,,0.779,,0.325,30,,,0,0,,bassech01
41,Jarrett Allen,26,CLE,C,82,82,2296,0.706,3.6,0.992,0.594,0.342,0.05,0.006,0.008,0.712,0.813,0.584,0.469,0,0,0.825,,0.272,159,0.4,0,0,0,,allenja01
226,Moussa Diabaté,23,CHO,C,71,8,1241,0.596,3.6,0.979,0.65,0.271,0.054,0.004,0.021,0.609,0.698,0.447,0.4,0,0,0.743,,0.329,78,0.333,0,0,0,,diabamo01
292,Neemias Queta,25,BOS,C,62,6,863,0.65,3.6,0.985,0.591,0.355,0.039,0,0.015,0.66,0.708,0.583,0.625,,0,0.795,,0.315,59,0.333,0,1,0,,quetane01
364,Richaun Holmes,31,WAS,PF,31,7,534,0.647,3.6,0.978,0.626,0.309,0.036,0.007,0.022,0.662,0.77,0.488,0.4,0,0,0.633,,0.281,39,0.667,0,0,0,,holmeri01
416,Robert Williams,27,POR,C,20,3,351,0.641,3.7,0.962,0.705,0.205,0.026,0.026,0.038,0.653,0.8,0.25,0.5,0,0.333,0.755,1,0.385,25,0.667,0.5,0,0,,williro04
523,N'Faly Dante,23,HOU,C,4,0,51,0.769,3.7,1,0.538,0.385,0,0.077,0,0.769,0.857,0.8,,0,,0.6,,0.462,6,,,0,0,,nfalyda01
241,Mark Williams,23,CHO,C,44,41,1171,0.604,3.8,0.991,0.555,0.376,0.056,0.004,0.009,0.609,0.754,0.423,0.44,0.5,0,0.807,,0.264,109,0.25,0,0,0,,willima07
479,Kylor Kelley,27,2TM,C,11,2,126,0.636,3.8,1,0.5,0.364,0.136,0,0,0.636,0.818,0.375,0.667,,,0.857,,0.227,5,,,0,0,,kelleky01
214,Mason Plumlee,34,PHO,C,74,21,1300,0.619,3.9,0.98,0.545,0.396,0.035,0.005,0.02,0.631,0.782,0.475,0.143,0,0,0.776,,0.347,62,0.5,0,1,0,,plumlma01
361,Dwight Powell,33,DAL,C,55,3,551,0.689,3.9,0.918,0.689,0.213,0.016,0,0.082,0.714,0.81,0.462,0,,0.4,0.775,1,0.295,15,0.8,0.5,0,0,,poweldw01
405,Trey Jemison,25,2TM,C,38,0,392,0.554,3.9,1,0.514,0.419,0.054,0.014,0,0.554,0.658,0.484,0.25,0,,0.756,,0.203,13,,,0,0,,jemistr01
221,Nick Richards,27,2TM,C,57,43,1256,0.591,4,0.994,0.496,0.398,0.092,0.009,0.006,0.594,0.75,0.428,0.469,0.667,0,0.683,,0.288,83,1,0,0,0,,richani01
304,Steven Adams,31,HOU,C,58,3,794,0.545,4.1,0.988,0.611,0.311,0.066,0,0.012,0.552,0.608,0.5,0.273,,0,0.451,,0.138,21,0,,2,0,,adamsst01
472,Bruno Fernando,26,TOR,C,17,2,147,0.531,4.1,1,0.592,0.327,0.041,0.041,0,0.531,0.655,0.438,0,0,,0.654,,0.143,7,,,0,0,,fernabr01
140,Walker Kessler,23,UTA,C,58,58,1740,0.663,4.3,0.919,0.611,0.301,0.005,0.002,0.081,0.706,0.77,0.595,0,0,0.176,0.618,1,0.329,131,0.235,0.5,1,0,,kesslwa01
490,Tony Bradley,27,IND,C,14,0,113,0.644,4.3,0.933,0.556,0.356,0,0.022,0.067,0.667,0.68,0.625,,1,0.333,0.75,1,0.089,4,0.667,0,0,0,,bradlto01
13,Ivica Zubac,27,LAC,C,80,80,2624,0.628,4.4,1,0.426,0.499,0.072,0.003,0,0.628,0.706,0.585,0.485,0.333,,0.703,,0.203,177,,,0,0,DPOY-6DEF2,zubaciv01
366,Bismack Biyombo,32,SAS,C,28,26,528,0.588,4.4,1,0.465,0.447,0.088,0,0,0.588,0.698,0.569,0.1,,,0.791,,0.123,11,,,0,0,,biyombi01
384,Kai Jones,24,2TM,C,40,6,468,0.798,4.5,0.954,0.651,0.156,0.119,0.028,0.046,0.827,0.944,0.706,0.462,0.333,0.2,0.826,1,0.596,62,0.2,0,0,0,,joneska01
417,Christian Koloko,24,LAL,C,37,0,342,0.606,4.6,0.939,0.621,0.273,0.015,0.03,0.061,0.645,0.707,0.5,1,0.5,0,0.825,,0.455,25,0.5,0,0,0,,kolokch01
247,Kevon Looney,28,GSW,C,76,6,1142,0.514,4.6,0.982,0.525,0.342,0.054,0.061,0.018,0.516,0.671,0.379,0.267,0.176,0.4,0.567,1,0.09,24,0.4,1,1,0,,looneke01
438,Oscar Tshiebwe,25,UTA,C,14,1,255,0.6,4.6,1,0.3,0.629,0.071,0,0,0.6,0.81,0.545,0.2,,,0.595,,0.114,6,,,0,0,,tshieos01
322,Drew Eubanks,27,2TM,C,61,4,746,0.593,4.7,0.969,0.361,0.546,0.062,0,0.031,0.596,0.743,0.509,0.5,,0.5,0.786,0.667,0.289,47,0.833,0.6,0,0,,eubandr01
543,Emanuel Miller,24,CHI,PF,6,0,25,0.5,4.7,0.875,0.75,0.125,0,0,0.125,0.571,0.5,1,,,0,0.75,,0.125,1,0,,0,0,,milleem01
295,Zion Williamson,24,NOP,PF,30,30,857,0.567,4.8,0.974,0.429,0.494,0.047,0.004,0.026,0.576,0.679,0.51,0.375,0,0.231,0.46,0.667,0.085,39,0.077,0,1,0,,willizi01
188,Goga Bitadze,25,ORL,C,70,42,1430,0.611,4.9,0.917,0.599,0.265,0.035,0.018,0.083,0.656,0.739,0.544,0.333,0.167,0.107,0.676,1,0.289,87,0.214,0,1,0,,bitadgo01
252,Ben Simmons,28,2TM,PG,51,24,1120,0.52,4.9,1,0.422,0.507,0.067,0.004,0,0.52,0.606,0.478,0.333,0,,0.517,,0.103,18,,,0,0,,simmobe01
148,Jakob Poeltl,29,TOR,C,57,56,1686,0.627,5,0.995,0.496,0.344,0.145,0.01,0.005,0.628,0.746,0.518,0.512,0.333,0.333,0.746,1,0.055,29,0.333,1,1,0,,poeltja01
398,Taj Gibson,39,CHO,C,37,11,409,0.495,5.1,0.979,0.505,0.316,0.137,0.021,0.021,0.495,0.625,0.4,0.231,0.5,0.5,0.63,1,0.095,9,1,0.5,0,0,,gibsota01
430,Isaac Jones,24,SAC,PF,40,0,304,0.651,5.2,0.904,0.47,0.422,0.012,0,0.096,0.68,0.744,0.629,0,,0.375,0.765,1,0.349,27,0.75,0.5,0,0,,jonesis01
109,Nic Claxton,25,BRK,C,70,62,1882,0.563,5.3,0.963,0.481,0.359,0.1,0.023,0.037,0.576,0.755,0.397,0.456,0.154,0.238,0.673,1,0.229,119,0.381,0.25,0,0,,claxtni01
319,Andre Drummond,31,PHI,C,40,23,751,0.5,5.4,0.915,0.573,0.299,0.038,0.004,0.085,0.533,0.582,0.471,0.333,0,0.15,0.64,0.667,0.171,36,0.4,0.25,2,0,,drumman01
235,Brandon Clarke,28,MEM,PF,64,18,1207,0.621,5.7,0.955,0.429,0.395,0.132,0,0.045,0.647,0.816,0.553,0.38,,0.059,0.762,1,0.079,29,0.765,0.077,0,0,,clarkbr01
211,Donovan Clingan,20,POR,C,67,37,1324,0.539,5.8,0.853,0.617,0.222,0.009,0.006,0.147,0.582,0.68,0.338,0,0.5,0.286,0.602,1,0.207,58,0.102,0.4,0,0,,clingdo01
421,Tristan Thompson,33,CLE,C,40,0,328,0.437,5.8,0.958,0.465,0.366,0.113,0.014,0.042,0.456,0.606,0.385,0.125,0,0,0.71,,0.155,7,0.333,0,0,0,,thomptr01
563,Terry Taylor,25,SAC,PF,3,0,6,0,5.9,1,0,1,0,0,0,0,,0,,,,,,0,0,,,0,0,,taylote01
210,Ausar Thompson,22,DET,SF,59,48,1328,0.535,6,0.893,0.498,0.352,0.033,0.011,0.107,0.572,0.69,0.451,0.2,0.2,0.224,0.621,1,0.272,107,0.51,0.24,4,0,,thompau01
191,Zach Edey,22,MEM,C,66,55,1416,0.58,6.1,0.88,0.501,0.335,0.035,0.009,0.12,0.612,0.76,0.414,0.4,0.5,0.346,0.635,1,0.236,94,0.308,0.25,0,0,ROY-5,edeyza01
242,Precious Achiuwa,25,NYK,C,57,10,1170,0.502,6.2,0.89,0.523,0.266,0.098,0.003,0.11,0.529,0.661,0.31,0.438,0,0.278,0.695,1,0.171,52,0.75,0.259,0,0,,achiupr01
262,Oso Ighodaro,22,PHO,PF,61,6,1045,0.604,6.4,0.989,0.353,0.358,0.278,0,0.011,0.611,0.833,0.493,0.481,,0,0.858,,0.31,50,0,,1,0,,ighodos01
546,Anton Watson,24,NYK,SF,9,0,22,0.444,6.4,0.889,0.444,0.444,0,0,0.111,0.5,0.75,0.25,,,0,0.75,,0.111,1,0,,0,0,,watsoan02
285,Day'Ron Sharpe,23,BRK,C,50,2,907,0.521,6.6,0.858,0.505,0.29,0.035,0.028,0.142,0.566,0.644,0.446,0.364,0.667,0.244,0.597,1,0.114,29,0.289,0.385,0,0,,sharpda01
163,Isaiah Hartenstein,26,OKC,C,57,53,1590,0.581,6.7,0.96,0.363,0.369,0.225,0.004,0.04,0.605,0.73,0.548,0.509,0,0,0.81,,0.2,89,0.158,0,0,0,,harteis01
536,Ulrich Chomche,19,TOR,PF,7,0,32,0.4,6.9,1,0.4,0.2,0.4,0,0,0.4,0.5,0,0.5,,,1,,0.2,1,,,0,0,,chomcul01
44,Giannis Antetokounmpo,30,MIL,PF,67,67,2289,0.601,7,0.952,0.511,0.195,0.096,0.15,0.048,0.62,0.773,0.428,0.48,0.439,0.222,0.429,0.5,0.205,243,0.048,0,1,0,MVP-3DPOY-8ASNBA1,antetgi01
186,Isaiah Stewart,23,DET,C,72,4,1434,0.559,7.2,0.832,0.438,0.346,0.041,0.006,0.168,0.607,0.681,0.523,0.615,0,0.321,0.73,1,0.111,35,0.17,0.333,0,0,,stewais01
173,Jonas Valančiūnas,32,2TM,C,81,21,1524,0.55,7.3,0.941,0.319,0.4,0.129,0.093,0.059,0.571,0.67,0.578,0.42,0.414,0.216,0.573,1,0.07,40,0.081,0,0,0,,valanjo01
203,Jeremy Sochan,21,SAS,PF,54,23,1364,0.535,7.4,0.806,0.546,0.207,0.038,0.015,0.194,0.59,0.707,0.361,0.333,0.143,0.308,0.744,0.964,0.196,77,0.385,0.314,0,0,,sochaje01
35,Alperen Şengün,22,HOU,C,76,76,2395,0.496,7.5,0.921,0.319,0.405,0.164,0.033,0.079,0.519,0.679,0.454,0.396,0.368,0.233,0.473,0.952,0.067,65,0.067,0.333,0,0,AS,sengual01
409,Alex Len,31,2TM,C,46,7,380,0.508,7.5,0.857,0.429,0.333,0.079,0.016,0.143,0.556,0.63,0.571,0.2,0,0.222,0.733,1,0.206,9,0.444,0.25,0,0,,lenal01
57,Amen Thompson,22,HOU,SF,69,42,2225,0.557,7.8,0.869,0.42,0.298,0.096,0.055,0.131,0.599,0.758,0.471,0.493,0.263,0.275,0.523,0.96,0.212,138,0.582,0.377,2,0,DPOY-5DEF1,thompam01
436,Marvin Bagley III,25,2TM,PF,31,2,265,0.519,7.8,0.821,0.5,0.264,0.057,0,0.179,0.598,0.736,0.393,0.333,,0.158,0.538,1,0.208,21,0.316,0.167,0,0,,baglema01
82,Onyeka Okongwu,24,ATL,C,74,40,2064,0.567,7.9,0.784,0.48,0.263,0.038,0.003,0.216,0.634,0.738,0.472,0.5,0,0.324,0.768,1,0.145,91,0.534,0.354,1,0,,okongon01
33,Domantas Sabonis,28,SAC,C,70,70,2429,0.59,8.1,0.825,0.43,0.306,0.044,0.047,0.175,0.627,0.708,0.56,0.462,0.452,0.417,0.63,0.985,0.097,80,0.051,0.5,0,0,,sabondo01
355,Jarred Vanderbilt,25,LAL,PF,36,2,581,0.488,8.2,0.736,0.554,0.174,0.008,0,0.264,0.562,0.672,0.238,0,,0.281,0.7,1,0.289,30,0.75,0.375,1,0,,vandeja01
382,Reece Beekman,23,2TM,PG,36,4,469,0.327,8.2,0.626,0.215,0.318,0.047,0.047,0.374,0.418,0.609,0.382,0,0.2,0.175,0.464,1,0.009,1,0.4,0.25,0,0,,beekmre01
497,Keshad Johnson,23,MIA,SF,16,0,98,0.692,8.3,0.731,0.577,0.154,0,0,0.269,0.789,0.933,0.25,,,0.429,0.6,1,0.231,6,0.143,0,0,0,,johnske10
236,Deandre Ayton,26,POR,C,40,40,1206,0.566,8.4,0.932,0.344,0.269,0.205,0.113,0.068,0.594,0.82,0.468,0.49,0.396,0.188,0.741,1,0.165,71,0.469,0.067,0,0,,aytonde01
462,Enrique Freeman,24,IND,PF,22,1,181,0.432,8.4,0.73,0.514,0.216,0,0,0.27,0.556,0.632,0.375,,,0.1,0.8,1,0.108,3,0.8,0.125,0,0,,freemen01
215,Jonathan Mogbo,23,TOR,PF,63,18,1286,0.438,8.6,0.803,0.461,0.233,0.073,0.037,0.197,0.486,0.634,0.277,0.346,0.231,0.243,0.712,1,0.216,66,0.443,0.323,2,0,,mogbojo01
372,Elfrid Payton,30,2TM,PG,24,9,511,0.328,8.8,0.951,0.148,0.525,0.262,0.016,0.049,0.336,0.333,0.375,0.25,0.5,0.167,0.179,1,0,0,0.167,0,0,0,,paytoel01
568,Zyon Pullin,23,MEM,SG,3,0,3,0,8.8,1,0,1,0,0,0,0,,0,,,,,,0,0,,,0,0,,pullizy01
288,Tre Jones,25,2TM,PG,46,9,905,0.538,8.9,0.798,0.345,0.361,0.076,0.017,0.202,0.574,0.671,0.558,0.222,0.5,0.396,0.514,1,0.004,1,0.5,0.458,0,0,,jonestr01
138,Jimmy Butler,35,2TM,SF,55,55,1746,0.504,9,0.826,0.317,0.335,0.127,0.047,0.174,0.546,0.741,0.43,0.487,0.214,0.308,0.554,0.875,0.092,52,0.5,0.385,2,0,,butleji01
284,KJ Martin,24,2TM,PF,43,16,912,0.552,9,0.711,0.388,0.318,0,0.005,0.289,0.671,0.705,0.625,,1,0.259,0.844,1,0.254,47,0.724,0.333,0,0,,martike04
519,Liam Robbins,25,MIL,C,13,0,57,0.25,9,0.75,0.5,0.125,0.125,0,0.25,0.333,0.25,1,0,,0,1,,0.25,1,0,,0,0,,robbili01
392,Colin Castleton,24,3TM,C,26,4,432,0.469,9.1,0.837,0.337,0.388,0.112,0,0.163,0.537,0.697,0.421,0.455,,0.125,0.682,1,0.102,8,0.563,0.111,0,0,,castlco01
192,T.J. McConnell,32,IND,PG,79,1,1415,0.519,9.1,0.921,0.24,0.357,0.263,0.061,0.079,0.537,0.667,0.52,0.457,0.474,0.306,0.388,0.733,0,0,0.306,0.4,1,0,,mccontj01
375,Jock Landale,29,HOU,C,42,3,500,0.533,9.2,0.829,0.355,0.289,0.132,0.053,0.171,0.556,0.648,0.545,0.35,0.5,0.423,0.629,0.909,0.105,15,0.077,0,0,0,,landajo01
494,Chris Livingston,21,MIL,SF,21,1,106,0.333,9.2,0.704,0.519,0.185,0,0,0.296,0.474,0.571,0.2,,,0,0.556,,0.111,3,0.375,0,0,0,,livinch01
189,Kel'el Ware,20,MIA,C,64,36,1422,0.554,9.3,0.761,0.401,0.269,0.075,0.015,0.239,0.629,0.715,0.576,0.429,0.286,0.315,0.766,0.971,0.321,128,0.18,0.2,2,0,ROY-6,wareke01
412,Dominick Barlow,21,ATL,SF,35,4,375,0.531,9.3,0.761,0.416,0.195,0.133,0.018,0.239,0.616,0.766,0.5,0.333,0.5,0.259,0.717,1,0.159,18,0.815,0.182,0,0,,barlodo01
63,Evan Mobley,23,CLE,PF,71,71,2167,0.557,9.4,0.746,0.421,0.27,0.038,0.018,0.254,0.621,0.787,0.429,0.353,0.188,0.37,0.64,0.894,0.22,192,0.2,0.435,1,0,MVP-10DPOY-1ASNBA2DEF1,mobleev01
541,Kevin McCullar Jr.,23,NYK,SF,4,0,29,0.286,9.4,0.857,0.143,0.429,0.286,0,0.143,0.333,1,0.333,0,,0,0.5,,0,0,0,,0,0,,mcculke01
306,Karlo Matković,23,NOP,PF,42,7,791,0.574,9.5,0.719,0.396,0.272,0.047,0.004,0.281,0.675,0.785,0.563,0.455,0,0.318,0.728,1,0.204,40,0.515,0.382,0,0,,matkoka01
359,Moritz Wagner,27,ORL,C,30,1,564,0.562,9.5,0.699,0.486,0.201,0.008,0.004,0.301,0.649,0.711,0.54,0,0,0.36,0.69,1,0.076,18,0.307,0.391,0,0,,wagnemo01
391,Paul Reed,25,DET,C,45,0,438,0.507,9.6,0.803,0.359,0.254,0.155,0.035,0.197,0.561,0.765,0.389,0.318,0.8,0.286,0.688,1,0.141,18,0.179,0.2,0,0,,reedpa01
419,Terrence Shannon Jr.,24,MIN,SG,32,1,339,0.482,9.8,0.728,0.325,0.333,0.044,0.026,0.272,0.53,0.73,0.368,0.6,0,0.355,0.841,1,0.07,6,0.645,0.4,0,0,,shannte01
11,Christian Braun,23,DEN,SG,79,77,2675,0.58,9.9,0.727,0.418,0.245,0.027,0.038,0.273,0.648,0.758,0.522,0.409,0.419,0.397,0.762,0.888,0.124,94,0.317,0.352,1,0,,braunch01
200,Jaime Jaquez Jr.,23,MIA,SF,66,17,1368,0.461,9.9,0.742,0.288,0.398,0.039,0.017,0.258,0.513,0.677,0.435,0.222,0.25,0.311,0.443,0.892,0.032,12,0.513,0.262,2,0,,jaqueja01
314,Orlando Robinson,24,2TM,C,44,8,770,0.444,10,0.801,0.345,0.333,0.111,0.011,0.199,0.474,0.622,0.345,0.379,0.667,0.327,0.657,1,0.077,14,0.135,0.286,0,0,,robinor01
279,Gary Payton II,32,GSW,SG,62,11,927,0.574,10.1,0.681,0.326,0.346,0.01,0,0.319,0.69,0.845,0.553,0.333,,0.326,0.821,0.968,0.128,32,0.537,0.412,0,0,,paytoga02
320,Jabari Walker,22,POR,SF,60,1,749,0.515,10.1,0.686,0.415,0.236,0.022,0.013,0.314,0.573,0.684,0.407,0.4,0.333,0.389,0.622,1,0.07,16,0.458,0.455,1,0,,walkeja01
216,Jalen Johnson,23,ATL,SF,36,36,1284,0.5,10.2,0.74,0.352,0.279,0.09,0.018,0.26,0.566,0.749,0.437,0.245,0.6,0.312,0.626,0.955,0.127,63,0.298,0.333,2,0,,johnsja05
395,Jordan Miller,25,LAC,SF,37,0,420,0.433,10.2,0.716,0.313,0.343,0.06,0,0.284,0.521,0.619,0.457,0.375,,0.211,0.48,1,0.052,6,0.289,0.182,0,0,,millejo02
283,Trendon Watford,24,BRK,PF,44,6,913,0.469,10.2,0.749,0.3,0.369,0.077,0.003,0.251,0.515,0.667,0.465,0.185,0,0.33,0.363,0.966,0.02,6,0.273,0.292,1,0,,watfotr01
515,Nae'Qwan Tomlin,24,CLE,PF,5,1,63,0.406,10.2,0.688,0.469,0.125,0.094,0,0.313,0.5,0.6,0.25,0.333,,0.2,0.455,1,0.094,2,0,,0,0,,tomlina01
443,Pat Spencer,28,GSW,PG,39,0,250,0.406,10.3,0.782,0.139,0.525,0.099,0.02,0.218,0.456,0.286,0.491,0.5,0.5,0.227,0.556,1,0.04,3,0.136,0.333,0,0,,spencpa01
455,Alex Reese,25,2TM,PF,15,0,216,0.481,10.3,0.241,0.13,0.093,0,0.019,0.759,0.846,1,0.6,,1,0.366,0.636,1,0.037,2,0.366,0.2,1,0,,reeseal01
513,Armel Traoré,22,LAL,SF,9,0,67,0.316,10.3,0.632,0.474,0.158,0,0,0.368,0.5,0.556,0.333,,,0,0.833,,0.105,2,0.714,0,0,0,,armeltr01
542,Trentyn Flowers,19,LAC,SF,6,0,27,0.364,10.3,0.818,0.182,0.364,0.182,0.091,0.182,0.444,0.5,0.5,0.5,0,0,0.5,,0.091,1,0.5,0,0,0,,flowetr01
22,Dyson Daniels,21,ATL,SG,76,76,2571,0.493,10.4,0.745,0.284,0.377,0.078,0.007,0.255,0.545,0.676,0.486,0.389,0.167,0.34,0.517,0.938,0.054,45,0.217,0.431,6,0,DPOY-2MIP-1DEF1,daniedy01
354,Olivier-Maxence Prosper,22,DAL,PF,52,4,584,0.402,10.4,0.707,0.356,0.276,0.029,0.046,0.293,0.472,0.661,0.313,0,0.25,0.235,0.638,1,0.08,11,0.667,0.265,0,0,,prospol01
353,Jae'Sean Tate,29,HOU,SF,52,2,588,0.473,10.4,0.689,0.27,0.385,0.034,0,0.311,0.529,0.7,0.421,0.4,,0.348,0.519,1,0.041,4,0.674,0.452,0,0,,tateja01
155,Peyton Watson,22,DEN,SF,68,18,1656,0.477,10.7,0.682,0.35,0.257,0.058,0.016,0.318,0.534,0.707,0.382,0.32,0,0.353,0.801,0.979,0.178,59,0.551,0.453,1,0,,watsope01
145,Anthony Davis,31,2TM,C,51,51,1706,0.516,10.8,0.864,0.297,0.291,0.144,0.132,0.136,0.553,0.756,0.487,0.344,0.475,0.282,0.605,0.886,0.099,86,0.081,0.1,0,0,AS,davisan02
27,Karl-Anthony Towns,29,NYK,C,72,72,2517,0.526,10.8,0.722,0.353,0.277,0.058,0.035,0.278,0.567,0.695,0.476,0.4,0.262,0.42,0.586,0.972,0.071,76,0.062,0.333,0,0,ASNBA3,townska01
329,Blake Wesley,21,SAS,SG,58,0,683,0.435,10.8,0.688,0.446,0.134,0.065,0.043,0.312,0.5,0.602,0.4,0.333,0,0.293,0.656,0.941,0.081,14,0.362,0.333,0,0,,weslebl01
408,Quenton Jackson,26,IND,PG,28,7,381,0.475,10.8,0.672,0.451,0.156,0.025,0.041,0.328,0.524,0.618,0.368,0.333,0.2,0.375,0.558,0.933,0.074,8,0.3,0.333,0,0,,jacksqu01
113,RJ Barrett,24,TOR,SF,58,58,1869,0.468,10.9,0.688,0.354,0.273,0.049,0.012,0.312,0.522,0.624,0.392,0.542,0.417,0.35,0.459,0.925,0.032,27,0.229,0.4,1,0,,barrerj01
258,Jusuf Nurkić,30,2TM,C,51,32,1063,0.477,10.9,0.702,0.293,0.375,0.028,0.006,0.298,0.551,0.689,0.47,0.3,0,0.305,0.676,0.969,0.065,20,0.105,0.455,1,0,,nurkiju01
269,Kyle Anderson,31,2TM,PF,61,4,1002,0.469,10.9,0.769,0.185,0.429,0.102,0.053,0.231,0.502,0.714,0.469,0.355,0.313,0.357,0.496,0.96,0.036,10,0.443,0.452,4,0,,anderky01
538,Leonard Miller,21,MIN,SF,13,0,32,0.4,10.9,0.667,0.4,0.2,0.067,0,0.333,0.6,0.667,0.667,0,,0,0.667,,0.067,1,0,,0,0,,millele01
232,John Collins,27,UTA,PF,40,31,1220,0.527,11,0.721,0.234,0.371,0.066,0.051,0.279,0.577,0.702,0.548,0.343,0.519,0.399,0.647,0.966,0.13,66,0.385,0.439,0,0,,collijo01
343,Daniel Theis,32,NOP,C,38,9,621,0.473,11.1,0.713,0.31,0.271,0.116,0.016,0.287,0.565,0.7,0.457,0.467,0.5,0.243,0.75,1,0.116,11,0.243,0,0,0,,theisda01
281,Bruce Brown,28,2TM,PG,41,12,922,0.421,11.1,0.738,0.265,0.278,0.172,0.023,0.262,0.452,0.646,0.337,0.358,0.286,0.333,0.65,0.963,0.023,6,0.506,0.39,1,0,,brownbr01
376,Wendell Moore Jr.,23,2TM,SG,36,1,499,0.468,11.1,0.675,0.389,0.175,0.071,0.04,0.325,0.529,0.612,0.5,0.333,0.2,0.341,0.6,0.929,0.04,5,0.537,0.409,0,0,,moorewe01
79,Kelly Oubre Jr.,29,PHI,SF,60,57,2078,0.47,11.3,0.673,0.328,0.266,0.067,0.012,0.327,0.555,0.704,0.452,0.26,0.444,0.293,0.534,0.972,0.097,63,0.318,0.351,0,0,,oubreke01
246,Jonathan Kuminga,22,GSW,PF,47,10,1144,0.454,11.3,0.734,0.22,0.371,0.113,0.03,0.266,0.508,0.736,0.455,0.328,0.176,0.305,0.519,0.891,0.095,48,0.305,0.283,2,0,,kuminjo01
190,Tari Eason,23,HOU,PF,57,16,1420,0.487,11.3,0.671,0.377,0.193,0.075,0.025,0.329,0.557,0.678,0.435,0.405,0.143,0.342,0.531,0.984,0.1,47,0.364,0.358,1,0,,easonta01
120,Keldon Johnson,25,SAS,SF,77,0,1838,0.482,11.3,0.644,0.336,0.277,0.023,0.008,0.356,0.573,0.703,0.451,0.333,0,0.318,0.627,0.897,0.044,30,0.339,0.29,0,0,,johnske04
2,Josh Hart,29,NYK,SG,77,77,2897,0.525,11.3,0.673,0.408,0.162,0.066,0.036,0.327,0.618,0.732,0.44,0.412,0.5,0.333,0.613,0.869,0.03,21,0.258,0.308,1,0,,hartjo01
514,PJ Hall,22,DEN,C,19,0,66,0.583,11.3,0.667,0.375,0.208,0.083,0,0.333,0.75,0.778,0.6,1,,0.25,0.833,1,0.208,5,0,,0,0,,hallpj01
537,Bryce McGowens,22,POR,SG,13,0,32,0.286,11.3,0.714,0.143,0.429,0.143,0,0.286,0.4,1,0.167,0.5,,0,0.75,,0.143,2,0.25,0,0,0,,mcgowbr01
12,Bam Adebayo,27,MIA,C,78,78,2674,0.485,11.4,0.801,0.213,0.285,0.247,0.057,0.199,0.517,0.705,0.461,0.436,0.444,0.357,0.605,0.886,0.123,125,0.29,0.453,0,0,DPOY-10,adebaba01
112,Derrick Jones Jr.,27,LAC,SF,77,55,1873,0.526,11.4,0.628,0.357,0.239,0.019,0.014,0.372,0.627,0.752,0.461,0.455,0.5,0.356,0.741,1,0.209,112,0.507,0.351,1,0,,jonesde02
346,Zeke Nnaji,24,DEN,PF,57,4,608,0.496,11.4,0.631,0.383,0.199,0.007,0.043,0.369,0.596,0.741,0.321,1,0.5,0.327,0.792,0.941,0.184,22,0.519,0.296,0,0,,nnajize01
21,Nikola Jokić,29,DEN,C,70,70,2571,0.576,11.5,0.757,0.235,0.403,0.078,0.042,0.243,0.627,0.725,0.605,0.491,0.544,0.417,0.653,0.862,0.019,25,0.045,0.533,22,2,MVP-2CPOY-2ASNBA1,jokicni01
511,Josh Christopher,23,MIA,SG,14,0,69,0.355,11.5,0.645,0.419,0.161,0.065,0,0.355,0.45,0.538,0.2,0.5,,0.182,0.556,1,0.097,2,0.182,0,0,0,,chrisjo01
556,Braxton Key,27,GSW,SF,3,0,11,0,11.5,0.75,0,0.5,0.25,0,0.25,0,,0,0,,0,,,0.25,0,0,,0,0,,keybr01
358,Malcolm Brogdon,32,WAS,PG,24,13,564,0.433,11.5,0.767,0.296,0.242,0.129,0.1,0.233,0.478,0.676,0.362,0.355,0.333,0.286,0.364,0.938,0,0,0.089,0.4,1,0,,brogdma01
274,Zach Collins,27,2TM,PF,64,12,977,0.507,11.6,0.649,0.358,0.235,0.046,0.01,0.351,0.617,0.722,0.521,0.357,0.333,0.302,0.818,1,0.073,19,0.236,0.28,1,0,,colliza01
434,Kobe Brown,25,LAC,PF,40,0,272,0.458,11.6,0.639,0.319,0.264,0.056,0,0.361,0.587,0.739,0.526,0,,0.231,0.556,1,0.097,6,0.231,0.5,0,0,,brownko01
290,Kelly Olynyk,33,2TM,C,44,22,891,0.5,11.6,0.705,0.336,0.231,0.078,0.06,0.295,0.534,0.667,0.435,0.381,0.375,0.418,0.564,0.818,0.015,4,0.127,0.6,0,0,,olynyke01
272,Dalen Terry,22,CHI,SG,73,5,987,0.448,11.7,0.612,0.366,0.224,0.011,0.011,0.388,0.506,0.602,0.383,0,0.333,0.356,0.602,1,0.049,13,0.423,0.386,0,0,,terryda01
500,Luke Travers,23,CLE,SG,12,0,88,0.25,11.7,0.55,0.55,0,0,0,0.45,0.455,0.455,,,,0,0.8,,0.2,3,0.444,0,0,0,,travelu01
185,Aaron Gordon,29,DEN,PF,51,42,1447,0.531,11.8,0.654,0.348,0.195,0.07,0.04,0.346,0.582,0.665,0.464,0.571,0.45,0.436,0.566,0.867,0.141,63,0.36,0.484,1,0,,gordoaa01
453,Luka Garza,26,MIN,C,39,0,219,0.495,11.8,0.657,0.286,0.267,0.105,0,0.343,0.609,0.7,0.607,0.364,,0.278,0.714,1,0.048,5,0.083,0,0,0,,garzalu01
402,Anthony Gill,32,WAS,PF,51,0,397,0.489,11.8,0.648,0.295,0.33,0.011,0.011,0.352,0.579,0.654,0.552,0,0,0.323,0.606,1,0.011,1,0.387,0.333,0,0,,gillan01
539,Jahmir Young,24,CHI,PG,6,0,30,0.8,11.9,0.6,0.6,0,0,0,0.4,1,1,,,,0.5,0,0,0,0,0,,0,0,,youngja05
18,Shai Gilgeous-Alexander,26,OKC,PG,76,76,2598,0.519,12.9,0.737,0.206,0.231,0.222,0.079,0.263,0.571,0.742,0.492,0.548,0.42,0.375,0.212,0.35,0.028,46,0.034,0.333,1,0,MVP-1DPOY-10CPOY-8ASNBA1,gilgesh01
103,Naji Marshall,27,DAL,SF,69,31,1919,0.508,12,0.694,0.25,0.33,0.098,0.015,0.306,0.611,0.73,0.528,0.571,0.727,0.275,0.483,1,0.038,20,0.482,0.295,8,0,,marshna01
338,AJ Johnson,20,2TM,SG,29,11,639,0.385,12,0.577,0.291,0.258,0.028,0,0.423,0.472,0.565,0.418,0,,0.267,0.534,0.667,0.099,15,0.122,0.364,2,0,,johnsaj01
29,Cade Cunningham,23,DET,PG,70,70,2452,0.469,12.6,0.713,0.167,0.362,0.129,0.056,0.287,0.515,0.605,0.497,0.479,0.444,0.356,0.228,0.57,0.033,39,0.048,0.4,4,0,MVP-7ASNBA3,cunnica01
135,Wendell Carter Jr.,25,ORL,C,68,51,1758,0.46,12.1,0.678,0.324,0.196,0.1,0.059,0.322,0.568,0.748,0.417,0.429,0.31,0.234,0.757,1,0.179,78,0.361,0.263,0,0,,cartewe01
219,Ron Holland,19,DET,SF,81,2,1266,0.474,12.1,0.637,0.296,0.288,0.038,0.014,0.363,0.608,0.691,0.55,0.5,0.333,0.238,0.596,1,0.091,34,0.483,0.205,3,0,,hollaro01
378,Brandon Williams,25,DAL,PG,33,3,487,0.521,12.1,0.681,0.356,0.218,0.069,0.037,0.319,0.578,0.672,0.415,0.615,0.571,0.4,0.297,0.833,0.005,1,0.2,0.417,2,0,,willibr03
267,Kris Murray,24,POR,SF,69,6,1040,0.419,12.2,0.57,0.358,0.208,0,0.004,0.43,0.566,0.65,0.414,,1,0.225,0.589,0.963,0.129,34,0.475,0.263,0,0,,murrakr01
273,Andre Jackson Jr.,23,MIL,SG,67,43,980,0.477,12.2,0.614,0.371,0.152,0.076,0.015,0.386,0.529,0.658,0.3,0.4,0.333,0.395,0.656,0.967,0.147,23,0.566,0.372,0,0,,jacksan01
451,Jared Rhoden,25,2TM,SG,14,2,227,0.483,12.2,0.552,0.425,0.08,0.023,0.023,0.448,0.625,0.73,0.429,0,0,0.308,0.7,0.75,0.103,9,0.462,0.444,0,0,,rhodeja01
349,Ajay Mitchell,22,OKC,SG,36,1,597,0.495,12.2,0.674,0.217,0.353,0.065,0.038,0.326,0.548,0.625,0.492,0.833,0.143,0.383,0.397,0.957,0.005,0,0.267,0.375,1,0,,mitchaj01
557,Cui Yongxi,21,BRK,SG,5,0,10,0.143,12.2,0.571,0.429,0.143,0,0,0.429,0.25,0.333,0,,,0,1,,0,0,0.667,0,0,0,,cuiyo01
122,P.J. Washington,26,DAL,PF,57,56,1835,0.453,12.3,0.641,0.223,0.332,0.068,0.018,0.359,0.493,0.703,0.38,0.4,0.333,0.381,0.524,0.901,0.054,34,0.331,0.367,0,0,,washipj01
119,Isaiah Collier,20,UTA,PG,71,46,1839,0.422,12,0.695,0.209,0.368,0.094,0.025,0.305,0.497,0.698,0.451,0.288,0.286,0.249,0.349,0.595,0.027,15,0.26,0.341,5,1,,colliis01
107,Anthony Black,21,ORL,PG,78,10,1887,0.423,12,0.685,0.255,0.308,0.071,0.052,0.315,0.471,0.627,0.414,0.25,0.344,0.318,0.435,0.839,0.06,30,0.39,0.395,1,0,,blackan01
370,Craig Porter Jr.,24,CLE,PG,51,1,513,0.514,12.3,0.657,0.343,0.2,0.079,0.036,0.343,0.554,0.708,0.393,0.455,0.2,0.438,0.529,0.714,0.05,6,0.25,0.333,2,1,,portecr01
56,Julius Randle,30,MIN,PF,69,69,2226,0.485,12.4,0.666,0.252,0.262,0.121,0.03,0.334,0.555,0.751,0.423,0.465,0.429,0.344,0.447,0.843,0.052,46,0.21,0.273,1,0,,randlju01
24,Pascal Siakam,30,IND,PF,78,78,2548,0.519,12.4,0.726,0.218,0.258,0.179,0.071,0.274,0.568,0.771,0.544,0.441,0.345,0.389,0.589,0.976,0.041,45,0.29,0.404,1,0,AS,siakapa01
291,Chet Holmgren,22,OKC,C,32,32,877,0.49,12.4,0.66,0.29,0.226,0.117,0.026,0.34,0.547,0.747,0.442,0.25,0.556,0.379,0.642,1,0.117,39,0.164,0.421,1,0,,holmgch01
196,Ayo Dosunmu,25,CHI,SG,46,26,1394,0.492,12.4,0.579,0.372,0.176,0.027,0.004,0.421,0.612,0.707,0.456,0.333,0.5,0.328,0.553,0.935,0.027,11,0.407,0.351,0,0,,dosunay01
389,Jaylon Tyson,22,CLE,SG,47,3,453,0.43,12.4,0.611,0.302,0.242,0.054,0.013,0.389,0.484,0.533,0.444,0.375,0.5,0.345,0.477,0.85,0.047,5,0.448,0.346,0,0,,tysonja01
333,Tosan Evbuomwan,23,BRK,SF,28,0,665,0.427,12.4,0.65,0.186,0.345,0.095,0.023,0.35,0.49,0.732,0.382,0.476,0.2,0.312,0.557,1,0.023,4,0.416,0.281,0,0,,evbuoto01
439,Drew Timme,24,BRK,PF,9,2,254,0.441,12.4,0.657,0.284,0.255,0.108,0.01,0.343,0.537,0.69,0.346,0.545,1,0.257,0.694,1,0.029,3,0.171,0.333,1,0,,timmedr01
460,Markelle Fultz,26,SAC,PG,21,0,184,0.418,12.4,0.881,0.075,0.299,0.358,0.149,0.119,0.407,0.8,0.25,0.583,0.1,0.5,0.5,1,0.045,2,0.625,0.4,0,0,,fultzma01
504,Marcus Garrett,26,CHO,SG,4,0,79,0.407,12.4,0.704,0.111,0.407,0.185,0,0.296,0.421,0.667,0.455,0.2,,0.375,0.25,1,0,0,0.375,0.333,0,0,,garrema01
89,Franz Wagner,23,ORL,SF,60,60,2023,0.463,12.5,0.697,0.214,0.349,0.091,0.043,0.303,0.535,0.726,0.452,0.491,0.36,0.295,0.446,0.692,0.036,39,0.111,0.436,3,0,,wagnefr01
347,Kessler Edwards,24,DAL,SF,40,18,608,0.496,12.5,0.6,0.311,0.207,0.067,0.015,0.4,0.556,0.667,0.464,0.333,0.5,0.407,0.822,1,0.104,12,0.5,0.37,0,0,,edwarke02
176,Ja Morant,25,MEM,PG,50,50,1519,0.454,12.7,0.679,0.233,0.309,0.11,0.027,0.321,0.523,0.691,0.436,0.449,0.375,0.309,0.237,0.614,0.022,17,0.179,0.314,6,0,,moranja01
47,Nikola Vučević,34,CHI,C,73,72,2278,0.53,12.5,0.691,0.214,0.319,0.118,0.04,0.309,0.587,0.689,0.565,0.508,0.452,0.402,0.758,0.992,0.012,10,0.084,0.407,1,0,,vucevni01
52,De'Aaron Fox,27,2TM,PG,62,62,2241,0.463,14.4,0.672,0.156,0.255,0.153,0.108,0.328,0.538,0.698,0.53,0.472,0.421,0.31,0.318,0.669,0.019,22,0.16,0.328,2,0,,foxde01
71,Scottie Barnes,23,TOR,PF,65,65,2134,0.446,12.6,0.737,0.219,0.26,0.176,0.082,0.263,0.508,0.687,0.428,0.476,0.356,0.271,0.452,0.737,0.066,60,0.132,0.351,5,0,,barnesc01
39,Jalen Brunson,28,NYK,PG,65,65,2301,0.488,14.2,0.669,0.149,0.255,0.181,0.084,0.331,0.539,0.676,0.497,0.525,0.455,0.383,0.236,0.461,0,0,0.144,0.404,0,0,MVP-10CPOY-1ASNBA2,brunsja01
323,Talen Horton-Tucker,24,CHI,SG,58,0,724,0.457,12.6,0.581,0.385,0.168,0.021,0.007,0.419,0.544,0.607,0.429,0.5,0,0.336,0.348,0.878,0.045,12,0.213,0.423,0,0,,hortota01
526,Malachi Flynn,26,CHO,PG,4,0,44,0.385,12.6,0.692,0.154,0.462,0.077,0,0.308,0.444,1,0.333,0,,0.25,0.5,1,0,0,0,,0,0,,flynnma01
65,Stephon Castle,20,SAS,PG,81,47,2162,0.428,12.6,0.663,0.311,0.217,0.084,0.052,0.337,0.501,0.655,0.369,0.373,0.333,0.285,0.46,0.789,0.078,69,0.147,0.347,4,0,ROY-1,castlst01
505,Jacob Toppin,24,2TM,SF,17,0,76,0.409,12.7,0.545,0.318,0.136,0.091,0,0.455,0.333,0.286,0.333,0.5,,0.5,0.5,1,0.045,1,0.6,0.667,0,0,,toppija01
15,Jaden McDaniels,24,MIN,PF,82,82,2614,0.477,12.8,0.637,0.253,0.23,0.121,0.032,0.363,0.561,0.73,0.427,0.535,0.296,0.33,0.611,0.95,0.074,51,0.512,0.335,3,0,,mcdanja02
447,Johnny Davis,22,WAS,SG,34,0,242,0.41,12.8,0.628,0.295,0.218,0.09,0.026,0.372,0.51,0.652,0.412,0.286,0.5,0.241,0.68,1,0.103,6,0.345,0.2,0,0,,davisjo06
534,David Duke Jr.,25,SAS,SG,6,0,34,0.429,12.8,0.571,0.286,0.286,0,0,0.429,0.375,0.75,0,,,0.5,0.333,1,0,0,0.833,0.6,0,0,,dukeda01
73,Josh Giddey,22,CHI,PG,70,69,2117,0.465,12.3,0.652,0.277,0.276,0.076,0.023,0.348,0.512,0.584,0.5,0.377,0.222,0.378,0.414,0.895,0.013,9,0.277,0.39,1,1,,giddejo01
66,Deni Avdija,24,POR,SF,72,54,2161,0.476,12.9,0.595,0.322,0.219,0.026,0.027,0.405,0.552,0.665,0.416,0.364,0.478,0.365,0.448,0.848,0.027,20,0.181,0.323,1,0,,avdijde01
433,Josh Minott,22,MIN,SF,46,0,276,0.489,12.9,0.522,0.422,0.089,0.011,0,0.478,0.638,0.658,0.625,0,,0.326,0.7,1,0.178,15,0.605,0.346,0,0,,minotjo01
527,Phillip Wheeler,22,PHI,PF,5,0,44,0.143,12.9,0.524,0.381,0.143,0,0,0.476,0.273,0.25,0.333,,,0,0.333,,0.095,0,0.3,0,0,0,,wheelph02
448,Jaylen Martin,21,2TM,SF,16,0,239,0.419,13,0.689,0.23,0.351,0.095,0.014,0.311,0.471,0.765,0.385,0.143,0,0.304,0.667,1,0.068,4,0.304,0.143,0,0,,martija02
38,Tobias Harris,32,DET,PF,73,73,2305,0.477,13.1,0.672,0.168,0.293,0.168,0.043,0.328,0.542,0.77,0.475,0.489,0.314,0.345,0.539,0.934,0.075,56,0.447,0.39,0,0,,harrito02
58,Jaren Jackson Jr.,25,MEM,C,74,74,2207,0.488,13.1,0.679,0.119,0.415,0.134,0.011,0.321,0.541,0.667,0.518,0.509,0.462,0.375,0.451,0.952,0.029,31,0.206,0.4,5,0,DPOY-7ASDEF2,jacksja02
134,Collin Sexton,26,UTA,SG,63,61,1758,0.48,13.1,0.687,0.151,0.34,0.135,0.061,0.313,0.513,0.618,0.512,0.487,0.321,0.406,0.373,0.682,0.006,3,0.214,0.448,1,0,,sextoco01
531,Harrison Ingram,22,SAS,SF,5,0,35,0.5,13.1,0.75,0.25,0.25,0,0.25,0.25,0.667,1,1,,0,0,0.5,,0,0,0,,0,0,,ingraha01
175,Kyle Filipowski,21,UTA,C,72,27,1522,0.502,13.2,0.575,0.218,0.32,0.031,0.006,0.425,0.614,0.726,0.53,0.75,0.333,0.35,0.579,0.935,0.098,47,0.336,0.351,1,0,,filipky01
69,Bennedict Mathurin,22,IND,SF,72,49,2149,0.458,13.2,0.662,0.273,0.237,0.066,0.087,0.338,0.519,0.635,0.485,0.393,0.338,0.34,0.584,0.714,0.049,39,0.139,0.4,3,0,,mathube01
142,Ochai Agbaji,24,TOR,SG,64,45,1739,0.498,13.2,0.526,0.365,0.124,0.028,0.009,0.474,0.587,0.672,0.439,0.2,0.4,0.399,0.794,0.96,0.069,33,0.542,0.416,0,0,,agbajoc01
111,Cason Wallace,21,OKC,SG,68,43,1876,0.474,13.2,0.575,0.272,0.233,0.055,0.014,0.425,0.562,0.662,0.491,0.407,0.429,0.356,0.563,0.986,0.065,29,0.438,0.341,0,0,,wallaca01
342,Josh Okogie,26,2TM,SG,40,7,625,0.443,13.2,0.566,0.283,0.25,0.028,0.005,0.434,0.517,0.733,0.302,0.333,0,0.348,0.629,1,0.08,14,0.522,0.396,0,0,,okogijo01
233,Caleb Martin,29,2TM,SF,45,24,1218,0.424,13.2,0.661,0.243,0.181,0.082,0.155,0.339,0.458,0.608,0.327,0.56,0.319,0.359,0.435,0.973,0.03,7,0.417,0.488,2,0,,martica02
387,Rayan Rupert,20,POR,SG,52,0,460,0.408,13.2,0.585,0.268,0.254,0.063,0,0.415,0.506,0.632,0.389,0.444,,0.271,0.524,0.813,0.035,5,0.339,0.35,0,0,,ruperra01
475,Oshae Brissett,26,PHI,SF,6,2,142,0.487,13.2,0.538,0.333,0.205,0,0,0.462,0.619,0.692,0.5,,,0.333,0.615,0.667,0.026,1,0.333,0.333,0,0,,brissos01
98,Bilal Coulibaly,20,WAS,SF,59,59,1948,0.421,13.3,0.641,0.268,0.218,0.096,0.059,0.359,0.5,0.749,0.346,0.283,0.297,0.281,0.51,0.905,0.128,72,0.232,0.346,0,0,,coulibi01
53,Jalen Williams,23,OKC,SG,69,69,2237,0.484,13.3,0.709,0.201,0.237,0.187,0.084,0.291,0.533,0.723,0.43,0.523,0.388,0.365,0.395,0.782,0.069,70,0.094,0.406,0,0,ASNBA3DEF2,willija06
365,Mouhamed Gueye,22,ATL,PF,33,28,533,0.421,13.3,0.526,0.339,0.129,0.053,0.006,0.474,0.567,0.655,0.364,0.556,0,0.259,0.824,1,0.17,25,0.593,0.25,0,0,,gueyemo02
396,Mo Bamba,26,2TM,C,32,2,413,0.464,13.3,0.518,0.259,0.214,0.027,0.018,0.482,0.638,0.793,0.458,0.667,0.5,0.278,0.649,1,0.107,10,0.352,0.263,0,0,,bambamo01
420,Keion Brooks Jr.,24,NOP,SF,14,6,332,0.486,13.3,0.606,0.275,0.202,0.11,0.018,0.394,0.591,0.8,0.318,0.5,1,0.326,0.718,1,0.092,8,0.395,0.412,0,0,,brookke02
310,Pelle Larsson,23,MIA,SG,55,8,782,0.438,13.3,0.532,0.345,0.158,0.03,0,0.468,0.528,0.614,0.438,0,,0.337,0.789,0.969,0.034,7,0.337,0.406,0,0,,larsspe01
413,Dante Exum,29,DAL,PG,20,13,372,0.478,13.3,0.604,0.261,0.239,0.075,0.03,0.396,0.506,0.657,0.375,0.3,0.75,0.434,0.415,0.913,0.03,2,0.321,0.588,1,0,,exumda01
32,LeBron James,40,LAL,SF,70,70,2444,0.513,13.4,0.688,0.242,0.23,0.113,0.104,0.312,0.574,0.782,0.473,0.503,0.394,0.376,0.382,0.691,0.056,71,0.088,0.343,2,0,MVP-6CPOY-7ASNBA2,jamesle01
67,Jaylen Brown,28,BOS,SF,63,63,2158,0.463,13.4,0.68,0.197,0.265,0.145,0.073,0.32,0.529,0.75,0.456,0.407,0.439,0.324,0.386,0.724,0.045,43,0.184,0.439,0,0,AS,brownja02
440,Marcus Bagley,23,PHI,SF,10,4,253,0.391,13.4,0.536,0.391,0.087,0.043,0.014,0.464,0.595,0.704,0.333,0.333,0,0.156,0.545,0.8,0.159,10,0.406,0.308,0,0,,baglema02
503,Kevin Knox,25,GSW,SF,14,0,84,0.5,13.4,0.583,0.194,0.306,0.056,0.028,0.417,0.667,0.714,0.727,0,1,0.267,0.643,1,0.111,4,0.4,0.167,0,0,,knoxke01
367,Jaylen Clark,23,MIN,SG,40,4,522,0.467,13.4,0.575,0.3,0.217,0.05,0.008,0.425,0.493,0.528,0.462,0.5,0,0.431,0.559,1,0.025,2,0.549,0.429,2,0,,clarkja02
263,Jared Butler,24,2TM,SG,60,17,1044,0.448,13.4,0.627,0.196,0.287,0.119,0.026,0.373,0.504,0.663,0.438,0.407,0.417,0.355,0.259,0.783,0,0,0.213,0.472,0,0,,butleja02
9,OG Anunoby,27,NYK,PF,74,74,2706,0.476,13.5,0.552,0.338,0.123,0.055,0.037,0.448,0.561,0.706,0.349,0.321,0.289,0.372,0.717,0.93,0.14,132,0.45,0.377,1,0,,anunoog01
117,Zaccharie Risacher,19,ATL,SF,75,73,1843,0.458,13.5,0.558,0.28,0.216,0.033,0.03,0.442,0.54,0.651,0.458,0.308,0.348,0.355,0.732,0.975,0.095,67,0.41,0.433,0,0,ROY-2,risacza01
193,Terance Mann,28,2TM,SG,67,13,1414,0.496,13.5,0.605,0.247,0.199,0.116,0.044,0.395,0.58,0.765,0.463,0.438,0.444,0.368,0.579,0.9,0.08,31,0.466,0.421,0,0,,mannte01
100,Kyle Kuzma,29,2TM,PF,65,62,1936,0.436,13.5,0.631,0.222,0.285,0.085,0.039,0.369,0.512,0.75,0.413,0.361,0.212,0.307,0.573,0.854,0.029,24,0.246,0.325,4,1,,kuzmaky01
337,Herbert Jones,26,NOP,SF,20,20,648,0.436,13.5,0.581,0.273,0.221,0.035,0.052,0.419,0.53,0.681,0.263,0.667,0.778,0.306,0.698,1,0.029,5,0.486,0.371,1,0,,joneshe01
356,Joel Embiid,30,PHI,C,19,19,574,0.444,13.5,0.756,0.194,0.194,0.203,0.165,0.244,0.492,0.623,0.508,0.422,0.404,0.299,0.538,0.957,0.016,5,0,,0,0,,embiijo01
473,Jeenathan Williams,25,HOU,SG,20,0,147,0.435,13.5,0.581,0.113,0.435,0.032,0,0.419,0.583,0.714,0.556,0.5,,0.231,0.619,1,0.016,1,0.5,0.231,0,0,,willije02
344,Jeff Dowtin Jr.,27,PHI,PG,41,3,621,0.487,13.5,0.696,0.209,0.217,0.187,0.083,0.304,0.525,0.604,0.44,0.628,0.316,0.4,0.298,0.607,0.004,1,0.2,0.5,0,0,,dowtije01
567,Alondes Williams,25,DET,SG,1,0,4,1,13.5,0.5,0.5,0,0,0,0.5,1,1,,,,1,0,1,0,0,0,,0,0,,willial06
425,Tre Mann,23,CHO,PG,13,0,319,0.435,13.6,0.627,0.273,0.205,0.099,0.05,0.373,0.455,0.455,0.515,0.375,0.375,0.4,0.174,0.542,0.006,1,0.217,0.385,0,0,,manntr01
535,D.J. Carton,24,TOR,SG,4,0,33,0.143,13.6,0.571,0.143,0.429,0,0,0.429,0.25,1,0,,,0,1,,0,0,0.333,0,0,0,,cartodj01
114,Rui Hachimura,26,LAL,PF,59,57,1869,0.509,13.7,0.571,0.274,0.181,0.073,0.043,0.429,0.581,0.753,0.394,0.5,0.4,0.413,0.817,0.961,0.13,67,0.429,0.425,0,0,,hachiru01
177,Matas Buzelis,20,CHI,SF,80,31,1511,0.454,13.7,0.521,0.305,0.178,0.023,0.014,0.479,0.54,0.633,0.434,0.154,0.5,0.361,0.699,0.979,0.141,65,0.504,0.366,0,0,ROY-7,buzelma01
289,Jaden Ivey,22,DET,SG,30,30,898,0.46,13.7,0.627,0.245,0.245,0.094,0.044,0.373,0.49,0.644,0.426,0.333,0.333,0.409,0.425,0.746,0.024,9,0.208,0.344,3,0,,iveyja01
348,Pat Connaughton,32,MIL,SG,41,1,603,0.469,13.7,0.542,0.35,0.164,0.023,0.006,0.458,0.594,0.661,0.448,0.5,1,0.321,0.702,0.885,0.04,6,0.235,0.211,0,0,,connapa01
488,Sidy Cissoko,20,2TM,SF,22,0,114,0.433,13.7,0.567,0.267,0.267,0,0.033,0.433,0.588,0.75,0.5,,0,0.231,0.7,1,0.167,4,0.385,0.4,0,0,,cissosi01
422,Maxwell Lewis,22,2TM,SF,28,1,327,0.417,13.7,0.537,0.167,0.25,0.065,0.056,0.463,0.448,0.722,0.333,0.429,0.167,0.38,0.654,0.895,0.037,3,0.4,0.35,0,0,,lewisma05
414,Damion Baugh,24,CHO,SG,15,2,370,0.323,13.7,0.569,0.208,0.323,0.031,0.008,0.431,0.405,0.63,0.286,0.25,0,0.214,0.433,1,0.008,0,0.339,0.105,0,0,,baughda01
87,Miles Bridges,26,CHO,PF,64,64,2029,0.431,13.8,0.587,0.242,0.274,0.051,0.02,0.413,0.513,0.712,0.393,0.309,0.273,0.313,0.482,0.908,0.058,55,0.236,0.396,6,0,,bridgmi02
165,Paolo Banchero,22,ORL,PF,46,46,1582,0.452,13.8,0.701,0.213,0.21,0.165,0.114,0.299,0.509,0.691,0.45,0.44,0.375,0.32,0.378,0.494,0.055,40,0.092,0.28,5,0,,banchpa01
180,Kevin Porter Jr.,24,2TM,SG,75,4,1482,0.449,13.8,0.729,0.179,0.212,0.187,0.15,0.271,0.501,0.658,0.413,0.516,0.418,0.311,0.261,0.491,0.066,39,0.124,0.455,0,0,,porteke02
553,Tristen Newton,23,2TM,SG,8,0,16,0.125,13.8,0.625,0.125,0.25,0.25,0,0.375,0.2,1,0,0,,0,0,,0,0,0,,0,0,,newtotr01
208,Justin Champagnie,23,WAS,SF,62,31,1340,0.511,13.9,0.53,0.324,0.182,0.022,0,0.47,0.624,0.767,0.413,0.333,,0.383,0.566,0.986,0.075,30,0.316,0.377,1,0,,champju01
368,Rob Dillingham,20,MIN,PG,49,1,516,0.441,13.9,0.649,0.213,0.223,0.123,0.09,0.351,0.496,0.733,0.404,0.462,0.211,0.338,0.309,0.48,0.014,3,0.135,0.5,0,0,,dilliro01
25,Toumani Camara,24,POR,PF,78,78,2548,0.458,14,0.497,0.289,0.198,0.008,0.001,0.503,0.542,0.652,0.401,0.167,0,0.375,0.658,0.956,0.084,49,0.419,0.358,1,0,DPOY-9DEF2,camarto01
227,Jeremiah Robinson-Earl,24,NOP,PF,66,9,1239,0.455,14,0.527,0.294,0.135,0.066,0.032,0.473,0.557,0.686,0.362,0.391,0.545,0.341,0.696,0.964,0.026,8,0.543,0.427,0,0,,robinje02
444,JT Thor,22,2TM,PF,20,0,249,0.424,14,0.644,0.237,0.203,0.153,0.051,0.356,0.5,0.714,0.417,0.333,0.333,0.286,0.632,1,0.102,5,0.476,0.1,0,0,,thorjt01
437,Isaiah Wong,24,CHO,SG,20,0,265,0.39,14,0.686,0.162,0.248,0.219,0.057,0.314,0.389,0.412,0.385,0.391,0.333,0.394,0.393,0.769,0.019,2,0.121,0.25,1,0,,wongis01
496,Justin Minaya,25,POR,SF,19,0,101,0.381,14,0.524,0.19,0.333,0,0,0.476,0.545,0.5,0.571,,,0.2,0.5,1,0,0,0.3,0.333,0,0,,minayju01
255,Jonathan Isaac,27,ORL,PF,71,1,1090,0.414,14.1,0.534,0.324,0.068,0.096,0.046,0.466,0.549,0.676,0.5,0.323,0.2,0.258,0.547,1,0.16,44,0.636,0.302,0,0,,isaacjo01
220,Javonte Green,31,2TM,SG,68,19,1258,0.429,14.1,0.509,0.317,0.16,0.024,0.007,0.491,0.527,0.692,0.283,0.143,0,0.326,0.636,1,0.077,18,0.475,0.328,0,0,,greenja02
225,Bobby Portis,29,MIL,PF,49,7,1244,0.466,14.1,0.701,0.2,0.193,0.163,0.145,0.299,0.508,0.655,0.487,0.423,0.43,0.365,0.519,0.969,0.015,7,0.258,0.435,0,0,,portibo01
456,Dario Šarić,30,DEN,C,16,4,210,0.362,14.1,0.552,0.224,0.276,0.017,0.034,0.448,0.438,0.615,0.313,0,0.5,0.269,0.714,1,0,0,0.154,0.5,0,0,,saricda01
565,James Wiseman,23,IND,C,1,0,5,0.5,14.1,0.75,0,0.5,0,0.25,0.25,0.667,,1,,0,0,1,,0,0,0,,0,0,,wisemja01
552,Yuri Collins,23,GSW,PG,2,0,16,0.333,14.1,1,0,0,0.667,0.333,0,0.333,,,0,1,,0,,0,0,,,0,0,,colliyu01
249,Julian Phillips,21,CHI,SF,79,5,1123,0.446,14.2,0.467,0.321,0.136,0.007,0.003,0.533,0.582,0.652,0.436,0.5,0,0.327,0.679,1,0.153,36,0.66,0.406,0,0,,phillju01
139,Aaron Wiggins,26,OKC,SG,76,26,1744,0.488,14.2,0.534,0.28,0.187,0.048,0.019,0.466,0.578,0.725,0.397,0.457,0.5,0.383,0.573,0.923,0.027,17,0.324,0.364,1,0,,wiggiaa01
78,Russell Westbrook,36,DEN,PG,75,36,2092,0.449,12.3,0.65,0.314,0.213,0.063,0.06,0.35,0.517,0.682,0.424,0.212,0.3,0.323,0.423,0.862,0.032,23,0.337,0.439,1,0,6MOY-7,westbru01
268,Dejounte Murray,28,NOP,PG,31,31,1012,0.393,14.8,0.648,0.176,0.174,0.206,0.091,0.352,0.444,0.598,0.349,0.461,0.289,0.299,0.261,0.635,0.012,6,0.155,0.296,0,0,,murrade01
516,Jamaree Bouyea,25,MIL,PG,5,1,62,0.5,14.2,0.583,0.333,0.167,0.083,0,0.417,0.714,0.75,0.5,1,,0.2,0.4,0,0,0,0,,0,0,,bouyeja01
482,Kobe Bufkin,21,ATL,SG,10,0,124,0.383,14.2,0.596,0.255,0.191,0.106,0.043,0.404,0.5,0.417,0.778,0.2,0.5,0.211,0.429,1,0,0,0.316,0.167,1,0,,bufkiko01
161,Caris LeVert,30,2TM,SG,64,3,1596,0.467,14.3,0.526,0.299,0.125,0.087,0.015,0.474,0.552,0.665,0.427,0.404,0.222,0.373,0.644,0.792,0.053,30,0.31,0.42,0,0,,leverca01
298,Shake Milton,28,2TM,SG,57,2,837,0.453,14.3,0.583,0.181,0.24,0.146,0.016,0.417,0.52,0.63,0.492,0.432,0.5,0.358,0.364,1,0,0,0.321,0.294,1,0,,miltosh01
126,Alex Sarr,19,WAS,C,67,67,1814,0.394,14.4,0.588,0.17,0.298,0.086,0.034,0.412,0.454,0.695,0.36,0.324,0.393,0.308,0.701,0.952,0.077,58,0.15,0.373,0,0,ROY-4,sarral01
105,Guerschon Yabusele,29,PHI,C,70,43,1895,0.501,14.4,0.513,0.313,0.165,0.028,0.007,0.487,0.616,0.744,0.462,0.188,0.25,0.38,0.725,1,0.089,44,0.241,0.364,3,0,,yabusgu01
238,Kawhi Leonard,33,LAC,SF,37,37,1180,0.498,14.4,0.695,0.132,0.199,0.266,0.098,0.305,0.536,0.768,0.54,0.476,0.377,0.411,0.431,0.679,0.056,32,0.137,0.385,0,0,,leonaka01
34,Jamal Murray,27,DEN,PG,67,67,2418,0.474,15.6,0.646,0.155,0.175,0.153,0.163,0.354,0.518,0.667,0.485,0.468,0.459,0.393,0.355,0.615,0.012,13,0.093,0.378,3,0,,murraja01
149,Scotty Pippen Jr.,24,MEM,PG,79,21,1683,0.48,12.5,0.631,0.261,0.296,0.061,0.013,0.369,0.528,0.658,0.466,0.333,0.25,0.397,0.5,0.977,0.02,11,0.205,0.489,1,0,,pippesc02
469,Lamar Stevens,27,MEM,PF,17,1,155,0.46,14.4,0.571,0.27,0.222,0.079,0,0.429,0.583,0.588,0.5,0.8,,0.296,0.524,0.875,0.063,3,0.37,0.2,1,0,,stevela01
362,Dillon Jones,23,OKC,SF,54,3,551,0.383,14.4,0.526,0.286,0.18,0.045,0.015,0.474,0.5,0.658,0.292,0.333,0.5,0.254,0.657,0.938,0,0,0.206,0.231,0,0,,jonesdi01
118,Andrew Wiggins,29,2TM,SF,60,60,1842,0.448,14.5,0.585,0.168,0.284,0.061,0.073,0.415,0.501,0.596,0.487,0.49,0.344,0.374,0.504,0.869,0.052,40,0.164,0.421,0,0,,wiggian01
530,James Johnson,37,IND,PF,12,0,37,0.364,14.5,0.727,0.364,0,0.091,0.273,0.273,0.5,0.75,,1,0,0,0.75,,0,0,0,,0,0,,johnsja01
465,Jaylen Nowell,25,NOP,SG,8,0,168,0.356,14.5,0.63,0.11,0.315,0.164,0.041,0.37,0.391,0.5,0.348,0.5,0,0.296,0.278,1,0,0,0.222,0.5,0,0,,nowelja01
205,Jake LaRavia,23,2TM,PF,66,0,1349,0.475,14.6,0.579,0.249,0.27,0.047,0.012,0.421,0.513,0.607,0.484,0.25,0.25,0.423,0.59,0.95,0.074,20,0.261,0.378,2,1,,laravja01
388,GG Jackson II,20,MEM,PF,29,3,459,0.372,14.6,0.523,0.236,0.251,0.025,0.01,0.477,0.404,0.553,0.28,0.2,0.5,0.337,0.476,0.938,0.085,12,0.284,0.296,0,0,,jacksgg01
379,A.J. Lawson,24,TOR,SG,26,2,486,0.421,14.6,0.468,0.289,0.168,0.011,0,0.532,0.528,0.618,0.406,0,,0.327,0.638,0.939,0.074,11,0.347,0.314,0,0,,lawsoaj01
369,Colby Jones,22,2TM,SG,39,0,515,0.457,14.6,0.62,0.178,0.264,0.14,0.039,0.38,0.538,0.696,0.441,0.556,0.4,0.327,0.558,0.938,0.039,5,0.245,0.333,0,0,,jonesco02
302,Ryan Rollins,22,MIL,PG,56,19,820,0.487,14.6,0.557,0.225,0.185,0.111,0.037,0.443,0.55,0.754,0.42,0.4,0.4,0.408,0.349,0.918,0.022,5,0.417,0.48,0,0,,rolliry01
435,Dru Smith,27,MIA,SG,14,1,268,0.508,14.6,0.508,0.23,0.23,0.049,0,0.492,0.484,0.714,0.357,0,,0.533,0.4,0.875,0,0,0.367,0.636,0,0,,smithdr01
550,Isaiah Mobley,25,PHI,PF,1,0,17,0.286,14.6,0.571,0.143,0.286,0.143,0,0.429,0.25,1,0,0,,0.333,0,1,0,0,0.333,0,0,0,,mobleis01
1,Mikal Bridges,28,NYK,SF,82,82,3036,0.5,14.7,0.609,0.185,0.189,0.192,0.042,0.391,0.594,0.785,0.513,0.507,0.52,0.354,0.682,0.957,0.025,28,0.449,0.423,12,0,,bridgmi01
352,Cam Reddish,25,LAL,SF,33,8,589,0.404,14.7,0.5,0.245,0.202,0.032,0.021,0.5,0.532,0.87,0.211,0,0.5,0.277,0.52,1,0.096,8,0.489,0.304,0,0,,reddica01
59,Desmond Bane,26,MEM,SG,69,68,2205,0.484,14.7,0.589,0.188,0.246,0.093,0.063,0.411,0.548,0.712,0.492,0.4,0.5,0.392,0.426,0.634,0.005,5,0.187,0.308,0,0,,banede01
55,Harrison Barnes,32,SAS,PF,82,82,2230,0.508,14.8,0.473,0.25,0.184,0.038,0,0.527,0.591,0.69,0.468,0.538,,0.433,0.586,0.981,0.042,29,0.547,0.477,2,0,,barneha02
261,Isaac Okoro,24,CLE,SG,55,22,1053,0.464,14.8,0.434,0.341,0.086,0.004,0.004,0.566,0.586,0.659,0.348,0,0,0.371,0.765,1,0.052,11,0.596,0.389,0,0,,okorois01
229,Cole Anthony,24,ORL,PG,67,22,1234,0.424,15.6,0.599,0.129,0.25,0.175,0.044,0.401,0.471,0.714,0.449,0.337,0.417,0.353,0.261,0.766,0.007,2,0.151,0.455,2,0,,anthoco01
167,Obi Toppin,26,IND,PF,79,4,1545,0.529,14.9,0.497,0.295,0.159,0.037,0.007,0.503,0.695,0.791,0.632,0.273,0.25,0.365,0.758,0.964,0.129,74,0.385,0.44,5,0,,toppiob01
301,Cam Whitmore,20,HOU,SF,51,3,827,0.444,14.9,0.546,0.253,0.203,0.037,0.052,0.454,0.518,0.686,0.341,0.467,0.429,0.355,0.482,0.785,0.112,35,0.213,0.436,1,0,,whitmca01
294,Chris Boucher,32,TOR,PF,50,0,862,0.492,14.9,0.478,0.292,0.114,0.054,0.019,0.522,0.633,0.75,0.429,0.5,0.429,0.363,0.643,0.986,0.111,32,0.42,0.395,0,0,,bouchch01
276,Thomas Bryant,27,2TM,C,66,8,963,0.508,14.9,0.539,0.336,0.14,0.053,0.009,0.461,0.665,0.648,0.667,0.706,1,0.324,0.67,0.979,0.109,29,0.358,0.415,0,0,,bryanth01
271,Brandon Boston Jr.,23,NOP,SG,42,10,993,0.436,14.9,0.633,0.234,0.11,0.171,0.118,0.367,0.485,0.674,0.262,0.369,0.489,0.35,0.504,0.857,0.066,21,0.229,0.313,0,0,,bostobr01
93,Draymond Green,34,GSW,PF,68,66,1983,0.424,14.9,0.517,0.187,0.25,0.053,0.028,0.483,0.517,0.6,0.472,0.444,0.5,0.325,0.809,0.988,0.029,14,0.39,0.333,1,0,DPOY-3DEF1,greendr01
133,Scoot Henderson,20,POR,PG,66,10,1759,0.419,14.9,0.566,0.235,0.199,0.072,0.061,0.434,0.469,0.59,0.346,0.49,0.381,0.354,0.253,0.771,0.02,11,0.138,0.39,4,1,,hendesc01
110,Andrew Nembhard,25,IND,SG,65,65,1881,0.458,14.9,0.675,0.163,0.187,0.199,0.126,0.325,0.538,0.727,0.535,0.449,0.441,0.291,0.474,0.824,0.002,1,0.269,0.298,1,0,,nembhan01
127,Kyrie Irving,32,DAL,SG,50,50,1804,0.473,14.9,0.62,0.153,0.252,0.134,0.08,0.38,0.517,0.703,0.487,0.441,0.382,0.401,0.32,0.632,0.001,1,0.15,0.5,1,0,CPOY-10AS,irvinky01
385,Larry Nance Jr.,32,ATL,PF,24,3,463,0.516,15,0.51,0.239,0.206,0.045,0.019,0.49,0.582,0.703,0.469,0.571,0.333,0.447,0.848,0.971,0.135,16,0.342,0.423,2,0,,nancela02
253,Ja'Kobe Walter,20,TOR,SG,52,18,1103,0.405,15,0.527,0.232,0.196,0.064,0.036,0.473,0.454,0.527,0.39,0.48,0.286,0.349,0.628,0.954,0.041,11,0.29,0.352,2,0,,walteja01
297,KJ Simpson,22,CHO,PG,36,15,842,0.346,15,0.568,0.179,0.246,0.103,0.04,0.432,0.415,0.648,0.365,0.226,0.167,0.254,0.324,0.667,0.01,3,0.146,0.263,0,0,,simpskj01
461,Lester Quiñones,24,2TM,SG,13,0,183,0.397,15,0.436,0.218,0.154,0.038,0.026,0.564,0.529,0.765,0.417,0,0,0.295,0.444,0.923,0,0,0.159,0.286,0,0,,quinole01
157,Tristan Da Silva,23,ORL,SF,74,38,1629,0.412,15.1,0.505,0.197,0.23,0.043,0.035,0.495,0.488,0.589,0.468,0.333,0.235,0.335,0.613,0.95,0.062,23,0.393,0.372,1,0,,dasiltr01
251,Dalano Banton,25,POR,PG,67,7,1120,0.391,14.4,0.562,0.249,0.227,0.059,0.028,0.438,0.442,0.635,0.278,0.333,0.286,0.324,0.373,0.875,0.024,11,0.198,0.409,2,0,,bantoda01
371,Tristan Vukcevic,21,WAS,C,35,1,513,0.496,15.1,0.579,0.186,0.252,0.103,0.037,0.421,0.586,0.8,0.426,0.52,0.778,0.373,0.793,1,0.058,14,0.098,0.3,2,0,,vukcetr01
524,Isaiah Crawford,23,SAC,SF,15,0,46,0.455,15.1,0.545,0.182,0.182,0.182,0,0.455,0.667,0.5,1,0.5,,0.2,0.75,1,0,0,0.2,1,0,0,,crawfis01
525,Mason Jones,26,SAC,SG,10,0,45,0.5,15.1,0.556,0.167,0.278,0.111,0,0.444,0.8,1,0.6,1,,0.125,0.5,1,0,0,0.125,0,0,0,,jonesma05
223,Ricky Council IV,23,PHI,SF,73,12,1250,0.382,15.2,0.54,0.24,0.197,0.089,0.015,0.46,0.488,0.631,0.352,0.439,0.286,0.258,0.516,0.927,0.071,31,0.183,0.41,4,0,,councri01
146,Bradley Beal,31,PHO,SG,53,38,1702,0.497,15.2,0.62,0.159,0.199,0.143,0.12,0.38,0.565,0.764,0.536,0.505,0.422,0.386,0.519,0.873,0.024,16,0.303,0.413,0,0,,bealbr01
266,Alex Caruso,30,OKC,SG,54,3,1041,0.446,15.2,0.459,0.287,0.124,0.025,0.022,0.541,0.556,0.656,0.41,0.5,0.143,0.353,0.688,0.933,0.029,9,0.365,0.419,0,0,6MOY-8,carusal01
555,Skal Labissière,28,SAC,PF,4,0,12,0.5,15.2,0.75,0,0.25,0.5,0,0.25,0.333,,0,0.5,,1,1,1,0,0,0,,0,0,,labissk01
96,Norman Powell,31,LAC,SG,60,60,1958,0.484,15.3,0.547,0.184,0.236,0.086,0.041,0.453,0.538,0.718,0.453,0.42,0.462,0.418,0.601,0.793,0.019,16,0.145,0.419,3,0,,powelno01
240,Cody Martin,29,2TM,SF,53,8,1173,0.418,15.3,0.535,0.228,0.135,0.108,0.065,0.465,0.534,0.743,0.432,0.343,0.333,0.285,0.591,0.953,0.052,14,0.517,0.282,0,0,,martico01
410,Johnny Furphy,20,IND,SG,50,0,379,0.38,15.3,0.457,0.261,0.174,0,0.022,0.543,0.476,0.667,0.25,,0,0.3,0.85,0.933,0.098,8,0.44,0.364,0,0,,furphjo01
6,DeMar DeRozan,35,SAC,SF,77,77,2768,0.477,15.3,0.804,0.065,0.171,0.299,0.269,0.196,0.513,0.706,0.549,0.509,0.449,0.328,0.363,0.881,0.006,7,0.309,0.38,6,0,,derozde01
248,Kenrich Williams,30,OKC,PF,69,7,1132,0.483,15.3,0.517,0.234,0.175,0.056,0.051,0.483,0.574,0.735,0.5,0.3,0.389,0.386,0.6,1,0.017,6,0.263,0.422,0,0,,willike04
95,Tyrese Maxey,24,PHI,PG,52,52,1960,0.437,15.1,0.562,0.226,0.22,0.071,0.044,0.438,0.515,0.644,0.408,0.462,0.479,0.337,0.307,0.491,0.014,15,0.084,0.275,3,0,CPOY-10,maxeyty01
394,Malaki Branham,21,SAS,SG,47,0,427,0.458,15.3,0.558,0.184,0.195,0.126,0.053,0.442,0.5,0.8,0.351,0.333,0.4,0.405,0.509,0.941,0.026,4,0.19,0.438,0,0,,branhma01
480,Spencer Jones,23,DEN,SF,20,0,125,0.324,15.3,0.5,0.176,0.176,0.118,0.029,0.5,0.588,0.5,0.833,0.25,1,0.059,0.9,1,0.029,1,0.588,0,0,0,,jonessp01
452,Garrett Temple,38,TOR,SG,28,0,227,0.3,15.3,0.533,0.267,0.1,0.1,0.067,0.467,0.375,0.563,0.333,0,0.25,0.214,0.583,1,0.017,0,0.321,0.222,0,0,,templga01
548,Malevy Leons,25,OKC,SF,6,0,21,0,15.3,0.5,0,0.5,0,0,0.5,0,,0,,,0,,,0,0,1,0,0,0,,leonsma01
277,Jalen Smith,24,CHI,C,64,2,962,0.466,15.4,0.456,0.319,0.098,0.025,0.015,0.544,0.634,0.677,0.625,0.3,0.333,0.324,0.703,0.986,0.071,27,0.162,0.333,1,1,,smithja04
60,Naz Reid,25,MIN,C,80,17,2200,0.462,15.4,0.499,0.2,0.255,0.044,0,0.501,0.544,0.681,0.468,0.366,,0.379,0.641,0.92,0.034,25,0.227,0.39,2,0,6MOY-5,reidna01
373,Jamal Cain,25,NOP,SF,37,0,502,0.43,15.4,0.494,0.19,0.215,0.07,0.019,0.506,0.538,0.767,0.471,0.273,0,0.325,0.595,0.885,0.044,6,0.488,0.308,0,0,,cainja01
49,Kevin Durant,36,PHO,PF,62,62,2265,0.527,15.5,0.669,0.091,0.176,0.312,0.09,0.331,0.574,0.824,0.561,0.524,0.525,0.43,0.433,0.888,0.041,44,0.223,0.506,0,0,AS,duranke01
151,Santi Aldama,24,MEM,PF,65,16,1660,0.483,15.6,0.497,0.208,0.21,0.059,0.02,0.503,0.599,0.763,0.493,0.5,0.308,0.368,0.642,0.967,0.073,46,0.261,0.412,4,0,,aldamsa01
102,Keon Johnson,22,BRK,SG,79,56,1925,0.389,15.6,0.485,0.223,0.191,0.04,0.031,0.515,0.468,0.58,0.362,0.419,0.375,0.314,0.492,0.952,0.059,36,0.294,0.331,2,0,,johnske07
184,Jamal Shead,22,TOR,PG,75,11,1467,0.405,15.3,0.558,0.169,0.236,0.127,0.026,0.442,0.47,0.624,0.412,0.469,0,0.323,0.402,0.875,0.016,5,0.148,0.394,4,0,,sheadja01
403,Devin Carter,22,SAC,PG,36,0,396,0.37,15.6,0.52,0.15,0.268,0.079,0.016,0.48,0.439,0.579,0.412,0.4,0,0.295,0.345,0.778,0.063,8,0.23,0.214,0,0,,cartede02
429,Matisse Thybulle,27,POR,SG,15,5,312,0.477,15.6,0.455,0.148,0.295,0.011,0,0.545,0.525,0.769,0.423,0,,0.438,0.571,1,0.091,7,0.458,0.364,0,0,,thybuma01
88,Davion Mitchell,26,2TM,PG,74,37,2027,0.468,14.2,0.557,0.271,0.204,0.05,0.032,0.443,0.525,0.651,0.433,0.375,0.267,0.398,0.281,0.821,0,0,0.19,0.425,4,0,,mitchda01
340,Delon Wright,32,2TM,PG,40,7,635,0.344,15.6,0.443,0.244,0.153,0.038,0.008,0.557,0.431,0.563,0.25,0.2,1,0.274,0.44,1,0,0,0.26,0.421,0,0,,wrighde01
363,Jordan Goodwin,26,LAL,PG,29,5,543,0.438,15.6,0.528,0.146,0.215,0.118,0.049,0.472,0.487,0.571,0.484,0.412,0.429,0.382,0.459,0.962,0,0,0.456,0.419,0,0,,goodwjo01
197,Ty Jerome,27,CLE,SG,70,3,1392,0.516,15.6,0.591,0.121,0.275,0.168,0.026,0.409,0.57,0.56,0.571,0.577,0.563,0.439,0.332,0.64,0,0,0.146,0.459,2,0,6MOY-3,jeromty01
50,Shaedon Sharpe,21,POR,SG,72,52,2252,0.452,15.7,0.572,0.226,0.14,0.106,0.101,0.428,0.557,0.755,0.419,0.47,0.396,0.311,0.409,0.707,0.07,65,0.165,0.333,4,0,,sharpsh01
250,Aaron Nesmith,25,IND,SF,45,37,1123,0.507,15.7,0.485,0.203,0.172,0.084,0.026,0.515,0.587,0.714,0.538,0.469,0.3,0.431,0.769,0.964,0.042,11,0.369,0.472,0,0,,nesmiaa01
76,Dennis Schröder,31,3TM,PG,75,49,2105,0.406,16.7,0.551,0.129,0.197,0.135,0.089,0.449,0.458,0.636,0.38,0.491,0.324,0.342,0.244,0.756,0,0,0.092,0.471,4,0,,schrode01
40,Darius Garland,25,CLE,PG,75,75,2301,0.472,16.3,0.549,0.148,0.193,0.147,0.06,0.451,0.53,0.649,0.485,0.549,0.338,0.401,0.33,0.571,0.002,1,0.151,0.4,1,0,CPOY-6AS,garlada01
19,Michael Porter Jr.,26,DEN,SF,77,77,2593,0.504,15.9,0.533,0.228,0.156,0.053,0.095,0.467,0.599,0.762,0.53,0.536,0.36,0.395,0.74,0.922,0.096,88,0.125,0.508,8,0,,portemi01
17,Zach LaVine,29,2TM,SG,74,74,2602,0.511,15.9,0.562,0.242,0.131,0.07,0.119,0.438,0.562,0.723,0.488,0.442,0.386,0.446,0.495,0.544,0.06,68,0.17,0.473,0,0,,lavinza01
339,Maxi Kleber,33,DAL,PF,34,4,637,0.385,15.9,0.49,0.177,0.208,0.021,0.083,0.51,0.511,0.706,0.3,0.5,0.625,0.265,0.833,0.923,0.073,6,0.347,0.235,0,0,,klebima01
123,CJ McCollum,33,NOP,PG,56,56,1832,0.444,16.1,0.541,0.157,0.185,0.138,0.061,0.459,0.505,0.669,0.443,0.442,0.41,0.373,0.443,0.737,0.003,3,0.144,0.348,0,0,,mccolcj01
517,Cam Christie,19,LAC,SG,13,0,59,0.292,15.9,0.458,0.292,0.125,0,0.042,0.542,0.455,0.429,0.667,,0,0.154,0.6,1,0.083,1,0.154,0,0,0,,chrisca02
234,Kristaps Porziņģis,29,BOS,C,42,42,1210,0.483,16,0.564,0.174,0.23,0.11,0.051,0.436,0.537,0.76,0.492,0.365,0.345,0.412,0.77,0.981,0.106,54,0.068,0.353,0,0,,porzikr01
26,Brook Lopez,36,MIL,C,80,80,2546,0.509,16,0.518,0.229,0.151,0.109,0.03,0.482,0.636,0.78,0.59,0.464,0.391,0.373,0.745,0.986,0.071,52,0.097,0.583,0,0,,lopezbr01
194,Ryan Dunn,22,PHO,SF,74,44,1410,0.43,16,0.447,0.166,0.203,0.061,0.017,0.553,0.577,0.759,0.495,0.414,0.375,0.311,0.748,1,0.075,31,0.564,0.329,0,0,,dunnry01
83,Malik Monk,26,SAC,SG,65,45,2054,0.439,16,0.544,0.145,0.242,0.106,0.051,0.456,0.534,0.632,0.524,0.47,0.438,0.325,0.443,0.82,0.036,29,0.121,0.442,2,0,,monkma01
174,Jerami Grant,30,POR,PF,47,47,1524,0.373,16,0.484,0.197,0.166,0.073,0.049,0.516,0.381,0.504,0.284,0.333,0.286,0.365,0.519,0.963,0.035,12,0.368,0.367,0,0,,grantje01
350,Brandon Ingram,27,NOP,SF,18,18,595,0.465,16,0.655,0.117,0.153,0.24,0.144,0.345,0.514,0.744,0.412,0.538,0.396,0.374,0.402,0.837,0.027,9,0.07,0.25,0,0,,ingrabr01
244,Justin Edwards,21,PHI,SF,44,26,1155,0.455,16,0.497,0.212,0.138,0.106,0.042,0.503,0.548,0.663,0.423,0.525,0.438,0.363,0.544,0.928,0.024,9,0.253,0.375,0,0,,edwarju01
351,Jared McCain,20,PHI,SG,23,8,592,0.46,16,0.515,0.193,0.179,0.106,0.036,0.485,0.532,0.642,0.429,0.448,0.7,0.383,0.32,0.804,0.007,2,0.203,0.333,0,0,ROY-7,mccaija01
468,MarJon Beauchamp,24,3TM,SF,35,0,156,0.415,16,0.554,0.215,0.138,0.031,0.169,0.446,0.472,0.786,0.222,0.5,0.273,0.345,0.294,0.7,0.046,2,0.345,0.3,0,0,,beaucma01
330,Sandro Mamukelashvili,25,SAS,PF,61,0,681,0.502,16.1,0.427,0.256,0.146,0.025,0,0.573,0.675,0.792,0.488,0.571,,0.373,0.667,1,0.103,25,0.211,0.265,1,0,,mamuksa01
243,Nikola Jović,21,MIA,PF,46,10,1156,0.456,16.1,0.443,0.183,0.21,0.034,0.016,0.557,0.563,0.739,0.468,0.231,0.5,0.371,0.649,0.949,0.016,5,0.348,0.479,0,0,,jovicni01
7,Trae Young,26,ATL,PG,76,76,2739,0.411,17.3,0.533,0.124,0.219,0.134,0.057,0.467,0.474,0.544,0.468,0.467,0.359,0.34,0.287,0.294,0.001,0,0.078,0.44,6,1,CPOY-4AS,youngtr01
508,Chris Duarte,27,CHI,SG,17,0,74,0.462,16.1,0.423,0.269,0.154,0,0,0.577,0.545,0.571,0.5,,,0.4,0.667,0.667,0,0,0.067,1,0,0,,duartch01
357,Monte Morris,29,PHO,PG,45,0,571,0.426,16.1,0.559,0.056,0.262,0.144,0.097,0.441,0.477,0.909,0.431,0.393,0.474,0.36,0.462,0.903,0,0,0.465,0.375,0,0,,morrimo01
61,Myles Turner,28,IND,C,72,72,2174,0.481,16.2,0.514,0.175,0.206,0.073,0.06,0.486,0.561,0.746,0.425,0.559,0.49,0.396,0.846,0.981,0.09,59,0.14,0.491,0,0,,turnemy01
169,Ziaire Williams,23,BRK,SF,63,45,1541,0.412,16.2,0.419,0.242,0.135,0.027,0.015,0.581,0.509,0.659,0.3,0.429,0.125,0.341,0.631,0.981,0.092,38,0.411,0.315,2,0,,willizi02
137,Amir Coffey,27,LAC,SG,72,13,1748,0.471,16.2,0.516,0.159,0.169,0.124,0.065,0.484,0.529,0.704,0.419,0.476,0.485,0.409,0.683,0.97,0.063,28,0.368,0.462,0,0,,coffeam01
144,Jabari Smith Jr.,21,HOU,PF,57,39,1716,0.438,16.2,0.511,0.173,0.145,0.145,0.048,0.489,0.519,0.704,0.427,0.5,0.185,0.354,0.567,0.969,0.057,28,0.235,0.354,0,0,,smithja05
90,Quentin Grimes,24,2TM,SG,75,37,2013,0.467,16.2,0.488,0.232,0.113,0.077,0.067,0.512,0.552,0.728,0.409,0.397,0.364,0.385,0.441,0.79,0.033,26,0.233,0.49,0,0,,grimequ01
4,Devin Booker,28,PHO,SG,75,75,2795,0.461,16.2,0.612,0.109,0.175,0.206,0.123,0.388,0.542,0.69,0.492,0.531,0.5,0.332,0.431,0.716,0.013,14,0.123,0.338,0,0,,bookede01
393,Trevelin Queen,27,ORL,SG,31,2,430,0.381,16.2,0.476,0.238,0.19,0.027,0.02,0.524,0.486,0.6,0.393,0.25,0.333,0.286,0.588,0.818,0.088,11,0.234,0.444,4,0,,queentr01
286,Jaden Hardy,22,DAL,SG,57,3,907,0.435,16.2,0.524,0.162,0.157,0.157,0.048,0.476,0.479,0.657,0.354,0.508,0.2,0.386,0.346,0.829,0.027,8,0.239,0.404,1,0,,hardyja02
132,Luka Dončić,25,2TM,PG,50,50,1769,0.45,17.4,0.531,0.104,0.193,0.167,0.066,0.469,0.522,0.748,0.535,0.45,0.309,0.368,0.261,0.441,0.001,1,0.046,0.364,2,0,,doncilu01
467,Killian Hayes,23,BRK,PG,6,5,162,0.419,16.2,0.512,0.14,0.186,0.163,0.023,0.488,0.455,0.667,0.375,0.429,0,0.381,0.4,1,0,0,0.143,0.333,0,0,,hayeski01
10,Jalen Green,22,HOU,SG,82,82,2697,0.423,16.3,0.54,0.191,0.175,0.058,0.116,0.46,0.482,0.664,0.418,0.298,0.371,0.354,0.262,0.538,0.046,54,0.107,0.366,0,0,,greenja05
164,Gradey Dick,21,TOR,SG,54,54,1587,0.41,16.3,0.496,0.207,0.13,0.11,0.049,0.504,0.47,0.582,0.31,0.493,0.375,0.35,0.795,0.947,0.034,18,0.261,0.341,1,0,,dickgr01
257,DaQuan Jeffries,27,CHO,SG,47,20,1071,0.405,16.3,0.436,0.175,0.206,0.024,0.031,0.564,0.496,0.627,0.4,0.286,0.556,0.335,0.73,0.964,0.1,15,0.457,0.373,1,0,,jeffrda01
316,Gui Santos,22,GSW,PF,56,2,762,0.458,16.3,0.425,0.19,0.218,0.011,0.006,0.575,0.632,0.794,0.487,0.5,1,0.33,0.792,0.971,0.039,6,0.34,0.371,1,0,,santogu01
260,Cody Williams,20,UTA,SG,50,21,1060,0.323,16.3,0.475,0.105,0.265,0.07,0.035,0.525,0.393,0.593,0.397,0.222,0.111,0.259,0.563,1,0.035,5,0.57,0.26,0,0,,willico04
397,David Roddy,23,3TM,PF,33,3,410,0.456,16.3,0.512,0.216,0.264,0.032,0,0.488,0.594,0.667,0.545,0.5,,0.311,0.737,0.842,0.016,2,0.262,0.438,0,0,,roddyda01
70,Spencer Dinwiddie,31,DAL,PG,79,30,2136,0.416,15.9,0.522,0.136,0.252,0.106,0.028,0.478,0.492,0.645,0.419,0.458,0.526,0.334,0.211,0.55,0.012,4,0.184,0.417,0,0,,dinwisp01
311,Cam Thomas,23,BRK,SG,25,23,781,0.438,16.3,0.57,0.141,0.183,0.154,0.093,0.43,0.506,0.625,0.434,0.471,0.524,0.349,0.473,0.544,0,0,0.123,0.25,1,0,,thomaca02
237,Jarace Walker,21,IND,PF,75,5,1187,0.472,16.4,0.486,0.183,0.192,0.067,0.044,0.514,0.543,0.606,0.478,0.708,0.313,0.405,0.705,0.893,0.081,25,0.227,0.405,1,0,,walkeja02
124,Haywood Highsmith,28,MIA,SF,74,42,1818,0.458,16.4,0.404,0.205,0.159,0.036,0.005,0.596,0.57,0.688,0.484,0.357,0,0.382,0.667,0.978,0.049,19,0.459,0.439,0,0,,highsha01
334,Antonio Reeves,24,NOP,SG,44,6,660,0.456,16.4,0.48,0.19,0.157,0.101,0.032,0.52,0.521,0.617,0.513,0.44,0.25,0.395,0.726,0.863,0.02,4,0.349,0.311,1,0,,reevean01
478,Vlatko Čančar,27,DEN,PF,13,0,136,0.385,16.4,0.423,0.231,0.192,0,0,0.577,0.545,0.333,0.8,,,0.267,0.667,1,0.077,2,0.267,0.5,0,0,,cancavl01
491,Jaylen Sims,26,CHO,SG,6,0,112,0.429,16.4,0.464,0.143,0.286,0.036,0,0.536,0.462,1,0.25,0,,0.4,0.667,0.833,0.036,1,0.2,0.333,0,0,,simsja01
520,Jazian Gortman,21,DAL,PG,16,0,57,0.391,16.4,0.522,0.087,0.217,0.174,0.043,0.478,0.417,1,0.2,0.25,1,0.364,0.2,0.75,0,0,0.455,0.4,0,0,,gortmja01
141,De'Andre Hunter,27,2TM,SF,64,9,1740,0.47,16.5,0.491,0.15,0.192,0.1,0.05,0.509,0.537,0.649,0.473,0.487,0.553,0.405,0.637,0.911,0.039,26,0.281,0.367,2,0,6MOY-4,huntede01
522,Jackson Rowe,28,GSW,PF,6,0,52,0.471,16.5,0.412,0.176,0.235,0,0,0.588,0.714,1,0.5,,,0.3,1,1,0,0,0.3,0.333,0,0,,roweja01
116,Trey Murphy III,24,NOP,SF,53,51,1854,0.454,16.6,0.478,0.217,0.178,0.054,0.03,0.522,0.556,0.725,0.43,0.378,0.4,0.361,0.691,0.848,0.093,73,0.155,0.441,1,0,,murphtr02
166,Patrick Williams,23,CHI,PF,63,36,1576,0.397,16.6,0.473,0.211,0.161,0.052,0.048,0.527,0.447,0.541,0.373,0.444,0.28,0.353,0.569,0.938,0.048,18,0.217,0.39,0,0,,willipa01
399,Ousmane Dieng,21,OKC,C,37,1,405,0.432,16.6,0.432,0.232,0.12,0.048,0.032,0.568,0.574,0.655,0.467,0.5,0.5,0.324,0.742,0.913,0.136,16,0.31,0.318,0,0,,diengou01
31,Coby White,24,CHI,SG,74,73,2450,0.453,16.6,0.479,0.224,0.153,0.06,0.043,0.521,0.544,0.669,0.456,0.507,0.25,0.37,0.336,0.759,0.01,8,0.135,0.38,8,0,,whiteco01
415,Jaden Springer,22,2TM,PG,43,2,365,0.389,16.6,0.467,0.144,0.256,0.056,0.011,0.533,0.548,0.846,0.435,0.4,0,0.25,0.522,0.917,0.033,3,0.458,0.182,1,0,,sprinja01
278,Jordan Clarkson,32,UTA,SG,37,9,962,0.408,16.6,0.529,0.073,0.302,0.12,0.034,0.471,0.448,0.667,0.389,0.492,0.353,0.362,0.282,0.69,0.006,3,0.103,0.5,3,0,,clarkjo01
463,Bronny James,20,LAL,SG,27,1,181,0.313,16.6,0.522,0.09,0.239,0.149,0.045,0.478,0.343,0.667,0.313,0.2,0.333,0.281,0.5,0.778,0.015,1,0.25,0.25,0,0,,jamesbr02
8,Tyler Herro,25,MIA,SG,77,77,2725,0.472,16.7,0.514,0.137,0.213,0.126,0.038,0.486,0.565,0.698,0.515,0.529,0.481,0.375,0.378,0.753,0.008,10,0.118,0.456,2,0,AS,herroty01
154,Terry Rozier,30,MIA,PG,64,23,1658,0.391,15.7,0.515,0.173,0.216,0.072,0.054,0.485,0.48,0.6,0.394,0.435,0.5,0.295,0.459,0.802,0.002,1,0.412,0.268,4,0,,roziete01
108,Josh Green,24,CHO,SG,68,67,1887,0.428,16.8,0.411,0.185,0.128,0.064,0.033,0.589,0.48,0.615,0.407,0.296,0.357,0.391,0.614,0.979,0.04,17,0.609,0.411,1,0,,greenjo02
426,Jalen Hood-Schifino,21,2TM,SG,15,0,315,0.378,16.8,0.531,0.071,0.133,0.194,0.133,0.469,0.442,0.571,0.308,0.526,0.385,0.304,0.304,0.571,0,0,0.109,0.6,0,0,,hoodsja01
487,Trey Alexander,21,DEN,SG,24,0,117,0.317,16.8,0.585,0.073,0.195,0.171,0.146,0.415,0.417,0.333,0.375,0.571,0.333,0.176,0.6,1,0,0,0.235,0.5,0,0,,alexatr01
3,Anthony Edwards,23,MIN,SG,79,79,2871,0.447,16.9,0.497,0.176,0.158,0.084,0.08,0.503,0.501,0.678,0.453,0.341,0.372,0.395,0.384,0.475,0.039,54,0.107,0.414,10,0,MVP-7CPOY-3ASNBA2,edwaran01
72,Max Christie,21,2TM,SG,78,36,2127,0.427,16.9,0.468,0.144,0.18,0.073,0.071,0.532,0.496,0.8,0.396,0.279,0.357,0.366,0.606,0.957,0.053,25,0.366,0.383,2,0,,chrisma02
377,Vince Williams Jr.,24,MEM,SG,27,5,499,0.401,16.9,0.431,0.144,0.21,0.066,0.012,0.569,0.569,0.625,0.543,0.545,0.5,0.274,0.61,0.923,0.012,1,0.284,0.37,1,0,,willivi01
86,Jalen Wilson,24,BRK,PF,79,22,2031,0.397,16.9,0.416,0.165,0.216,0.023,0.013,0.584,0.481,0.608,0.41,0.286,0.375,0.337,0.597,1,0.002,0,0.29,0.352,1,0,,wilsoja03
172,Victor Wembanyama,21,SAS,C,46,46,1527,0.476,17,0.53,0.208,0.13,0.095,0.098,0.47,0.586,0.809,0.468,0.432,0.417,0.352,0.703,0.859,0.114,91,0.065,0.346,6,0,AS,wembavi01
156,Moses Moody,22,GSW,SG,74,34,1649,0.433,17,0.407,0.137,0.201,0.055,0.014,0.593,0.519,0.718,0.509,0.194,0,0.374,0.667,0.968,0.033,17,0.368,0.435,0,0,,moodymo01
54,Donovan Mitchell,28,CLE,SG,71,71,2232,0.443,17,0.52,0.156,0.183,0.084,0.098,0.48,0.512,0.607,0.531,0.441,0.388,0.368,0.222,0.541,0.014,16,0.096,0.475,3,0,MVP-5CPOY-9ASNBA1,mitchdo01
509,Daeqwon Plowden,26,ATL,SG,6,0,72,0.64,17,0.32,0.28,0.04,0,0,0.68,0.875,0.857,1,,,0.529,0.857,1,0.12,3,0.353,0.333,0,0,,plowdda01
474,Damion Lee,32,PHO,SG,25,0,144,0.365,17,0.5,0.081,0.23,0.149,0.041,0.5,0.486,0.833,0.353,0.636,0,0.243,0.667,0.889,0,0,0.351,0.308,0,0,,leeda03
308,Vasilije Micić,31,2TM,PG,41,16,785,0.348,17,0.542,0.154,0.161,0.095,0.132,0.458,0.338,0.571,0.205,0.192,0.333,0.36,0.34,0.533,0,0,0.032,0.25,0,0,,micicva01
14,Jayson Tatum,26,BOS,PF,72,72,2624,0.452,17.1,0.503,0.182,0.149,0.089,0.083,0.497,0.559,0.782,0.479,0.359,0.43,0.343,0.35,0.46,0.059,79,0.059,0.419,0,0,MVP-4CPOY-10ASNBA1,tatumja01
23,Austin Reaves,26,LAL,SG,73,73,2550,0.46,17.1,0.488,0.142,0.211,0.107,0.028,0.512,0.547,0.748,0.484,0.45,0.379,0.377,0.44,0.72,0.007,7,0.122,0.446,7,0,,reaveau01
296,Khris Middleton,33,2TM,SF,37,21,843,0.475,17.1,0.605,0.074,0.193,0.196,0.142,0.395,0.549,0.6,0.6,0.47,0.563,0.361,0.402,0.75,0.003,1,0.165,0.318,1,0,,middlkh01
564,Isaiah Stevens,24,MIA,PG,3,0,6,0,17.1,0.5,0,0.5,0,0,0.5,0,,0,,,0,,,0,0,0,,0,0,,steveis01
16,Keegan Murray,24,SAC,PF,76,76,2610,0.444,17.2,0.452,0.144,0.195,0.078,0.035,0.548,0.566,0.831,0.469,0.359,0.483,0.343,0.652,0.987,0.087,66,0.29,0.385,1,0,,murrake02
92,Devin Vassell,24,SAS,SG,64,53,1983,0.443,17.2,0.517,0.139,0.105,0.175,0.098,0.483,0.513,0.677,0.419,0.474,0.448,0.368,0.547,0.861,0.046,35,0.228,0.439,1,0,,vassede01
129,Cameron Johnson,28,BRK,PF,57,57,1800,0.475,17.2,0.454,0.191,0.119,0.082,0.062,0.546,0.578,0.783,0.449,0.41,0.413,0.39,0.556,0.906,0.035,24,0.213,0.448,0,0,,johnsca02
198,Julian Strawther,22,DEN,SG,65,4,1384,0.432,17.2,0.447,0.142,0.191,0.097,0.016,0.553,0.535,0.681,0.473,0.489,0.25,0.349,0.724,0.894,0.012,6,0.138,0.541,0,0,,strawju01
483,Tyler Smith,20,MIL,PF,23,0,122,0.48,17.2,0.4,0.22,0.1,0.04,0.04,0.6,0.55,0.636,0.6,0,0.5,0.433,0.818,0.923,0.08,4,0.3,0.333,0,0,,smithty02
143,Brandin Podziemski,21,GSW,SG,64,33,1716,0.445,17.2,0.509,0.111,0.2,0.135,0.062,0.491,0.516,0.671,0.508,0.482,0.333,0.372,0.552,0.843,0.002,0,0.172,0.396,4,0,,podzibr01
431,Tyler Kolek,23,NYK,PG,41,0,296,0.329,17.2,0.427,0.159,0.195,0.061,0.012,0.573,0.371,0.462,0.25,0.4,1,0.298,0.231,1,0,0,0.234,0.364,1,0,,kolekty01
450,Xavier Tillman Sr.,26,BOS,C,33,2,231,0.245,17.2,0.396,0.094,0.264,0.038,0,0.604,0.381,0.8,0.214,0.5,,0.156,0.375,1,0,0,0.344,0.091,0,0,,tillmxa01
182,Lauri Markkanen,27,UTA,PF,47,47,1476,0.423,17.3,0.43,0.15,0.204,0.044,0.031,0.57,0.525,0.638,0.51,0.355,0.318,0.346,0.658,1,0.104,61,0.18,0.417,1,0,,markkla01
37,Dillon Brooks,29,HOU,SF,75,75,2388,0.429,17.3,0.476,0.127,0.155,0.135,0.058,0.524,0.465,0.544,0.475,0.372,0.481,0.397,0.444,0.962,0.019,15,0.23,0.38,1,0,,brookdi01
390,Bol Bol,25,PHO,PF,36,10,448,0.525,17.3,0.492,0.098,0.158,0.153,0.082,0.508,0.711,0.833,0.759,0.679,0.533,0.344,0.844,1,0.055,10,0.548,0.353,0,0,,bolbo01
270,Jalen Suggs,23,ORL,PG,35,35,1002,0.41,17.7,0.497,0.141,0.164,0.129,0.062,0.503,0.506,0.765,0.43,0.387,0.367,0.314,0.223,0.763,0.008,4,0.145,0.429,4,0,,suggsja01
282,Immanuel Quickley,25,TOR,PG,33,33,918,0.42,17.3,0.486,0.103,0.235,0.112,0.037,0.514,0.465,0.578,0.437,0.429,0.438,0.378,0.384,0.741,0.002,1,0.107,0.375,1,0,,quickim01
442,Kevin Love,36,MIA,PF,23,9,251,0.357,17.3,0.417,0.191,0.157,0.043,0.026,0.583,0.354,0.318,0.389,0.4,0.333,0.358,0.471,0.917,0,0,0.209,0.357,1,0,,loveke01
131,Kris Dunn,30,LAC,PG,74,58,1783,0.439,15.7,0.487,0.13,0.275,0.064,0.018,0.513,0.549,0.719,0.492,0.536,0.25,0.335,0.556,0.933,0.016,7,0.478,0.318,1,0,,dunnkr01
84,Jaylen Wells,21,MEM,SG,79,74,2043,0.425,17.4,0.42,0.142,0.163,0.059,0.056,0.58,0.525,0.729,0.382,0.625,0.316,0.352,0.658,0.906,0.036,20,0.38,0.369,0,0,ROY-3,wellsja01
529,Bobi Klintman,21,DET,SF,8,0,42,0.6,17.4,0.5,0.2,0.1,0.1,0.1,0.5,0.8,1,1,0,1,0.4,0.75,1,0.1,1,0.4,0.5,0,0,,klintbo01
5,James Harden,35,LAC,PG,79,79,2789,0.41,17.3,0.484,0.106,0.232,0.122,0.024,0.516,0.472,0.657,0.422,0.405,0.484,0.352,0.176,0.37,0.003,4,0.042,0.429,0,0,MVP-10ASNBA3,hardeja01
331,Marcus Smart,30,2TM,PG,34,7,680,0.393,17.4,0.451,0.074,0.28,0.066,0.031,0.549,0.448,0.579,0.403,0.412,0.625,0.348,0.385,0.837,0.004,0,0.27,0.342,3,0,,smartma01
486,TyTy Washington Jr.,23,PHO,PG,16,0,118,0.311,17.4,0.533,0.022,0.2,0.289,0.022,0.467,0.417,1,0.444,0.385,0,0.19,0.7,0.75,0,0,0.333,0.143,0,0,,washity02
80,Nickeil Alexander-Walker,26,MIN,SG,82,10,2073,0.438,17.5,0.399,0.166,0.14,0.063,0.031,0.601,0.524,0.667,0.43,0.359,0.526,0.381,0.612,0.986,0.019,8,0.335,0.468,4,0,6MOY-6,alexani01
160,Corey Kispert,25,WAS,SF,61,0,1602,0.451,17.5,0.416,0.189,0.182,0.039,0.005,0.584,0.574,0.729,0.466,0.409,0,0.364,0.793,0.942,0.012,7,0.164,0.37,5,0,,kispeco01
383,Duop Reath,28,POR,C,46,0,469,0.422,17.5,0.361,0.229,0.108,0.018,0.006,0.639,0.6,0.763,0.333,0.333,0,0.321,0.472,0.971,0.03,5,0.226,0.333,0,0,,reathdu01
303,Marcus Sasser,24,DET,PG,57,1,811,0.463,17.5,0.486,0.128,0.155,0.118,0.084,0.514,0.549,0.789,0.435,0.514,0.44,0.382,0.418,0.586,0,0,0.151,0.391,0,0,,sassema01
206,Trey Lyles,29,SAC,PF,69,5,1349,0.42,17.6,0.364,0.171,0.152,0.029,0.011,0.636,0.559,0.688,0.404,0.636,0.5,0.34,0.789,1,0.078,27,0.311,0.378,0,0,,lylestr01
178,LaMelo Ball,23,CHO,PG,47,47,1505,0.405,17.8,0.474,0.138,0.208,0.093,0.035,0.526,0.478,0.601,0.426,0.452,0.371,0.339,0.233,0.62,0.005,4,0.089,0.319,7,0,,ballla01
224,Tidjane Salaün,19,CHO,PF,60,10,1244,0.33,17.6,0.406,0.191,0.157,0.038,0.02,0.594,0.4,0.606,0.222,0.077,0.429,0.283,0.643,0.879,0.038,11,0.21,0.326,0,0,,salauti01
401,Hunter Tyson,24,DEN,PF,51,2,400,0.375,17.6,0.383,0.175,0.142,0.025,0.042,0.617,0.478,0.714,0.235,0.667,0.2,0.311,0.682,0.913,0.067,6,0.284,0.286,0,0,,tysonhu01
558,Mac McClung,26,ORL,SG,2,0,10,0,17.6,0.5,0,0.5,0,0,0.5,0,,0,,,0,,,0,0,0,,0,0,,mccluma01
228,Simone Fontecchio,29,DET,SF,75,0,1237,0.402,17.7,0.391,0.164,0.15,0.032,0.046,0.609,0.507,0.623,0.429,0.5,0.353,0.335,0.649,1,0.035,11,0.361,0.28,2,0,,fontesi01
77,Damian Lillard,34,MIL,PG,58,58,2093,0.448,18.5,0.472,0.169,0.113,0.071,0.119,0.528,0.528,0.655,0.393,0.486,0.5,0.376,0.158,0.574,0.005,5,0.078,0.39,4,0,AS,lillada01
400,Jordan Walsh,20,BOS,PF,52,1,403,0.361,17.7,0.337,0.193,0.145,0,0,0.663,0.536,0.688,0.333,,,0.273,0.467,1,0.084,4,0.418,0.217,0,0,,walshjo01
501,Stanley Umude,25,MIL,SG,22,0,86,0.192,17.7,0.423,0.115,0.154,0.154,0,0.577,0.182,0.667,0,0,,0.2,0.5,1,0.038,1,0.6,0.222,0,0,,umudest01
104,Jrue Holiday,34,BOS,PG,62,62,1896,0.443,16.2,0.466,0.164,0.209,0.07,0.023,0.534,0.547,0.723,0.458,0.45,0.385,0.353,0.493,0.861,0.003,1,0.314,0.302,0,0,,holidjr01
498,JD Davison,22,BOS,PG,16,0,93,0.353,17.8,0.471,0.176,0.088,0.176,0.029,0.529,0.5,0.667,0.667,0.333,0,0.222,0.25,0.75,0.059,2,0.167,0.333,0,0,,davisjd01
28,Bub Carrington,19,WAS,PG,82,57,2458,0.401,19.1,0.456,0.102,0.114,0.102,0.139,0.544,0.475,0.553,0.353,0.553,0.462,0.339,0.481,0.667,0.027,18,0.135,0.327,1,0,,carrica01
321,Jay Huff,26,MEM,C,64,2,748,0.515,17.9,0.344,0.223,0.089,0.013,0.02,0.656,0.724,0.838,0.667,0.25,0,0.405,0.842,0.988,0.177,47,0.25,0.36,0,0,,huffja01
42,Anfernee Simons,25,POR,SG,70,70,2292,0.426,17.9,0.473,0.124,0.181,0.108,0.059,0.527,0.496,0.636,0.446,0.369,0.591,0.363,0.186,0.609,0.014,15,0.093,0.327,5,0,,simonan01
380,Grant Williams,26,CHO,PF,16,7,479,0.439,17.9,0.398,0.154,0.154,0.057,0.033,0.602,0.551,0.737,0.579,0.143,0.25,0.365,0.815,1,0.024,3,0.203,0.267,0,0,,willigr01
75,Keyonte George,21,UTA,PG,67,35,2109,0.391,17.6,0.448,0.073,0.242,0.098,0.036,0.552,0.449,0.627,0.428,0.4,0.364,0.343,0.427,0.649,0.015,11,0.136,0.493,0,0,,georgke01
209,Paul George,34,PHI,PF,41,41,1334,0.43,18,0.53,0.105,0.125,0.14,0.16,0.47,0.493,0.75,0.408,0.525,0.363,0.358,0.282,0.656,0.021,8,0.175,0.277,1,0,,georgpa01
64,Taurean Prince,30,MIL,SF,80,73,2166,0.457,18,0.348,0.16,0.119,0.058,0.012,0.652,0.492,0.646,0.361,0.333,0.5,0.439,0.773,0.986,0.018,8,0.507,0.453,2,0,,princta02
213,Tyrese Martin,25,BRK,SG,60,11,1315,0.406,18,0.394,0.127,0.176,0.073,0.017,0.606,0.492,0.746,0.354,0.412,0.375,0.351,0.522,0.939,0.013,6,0.305,0.384,2,0,,martity01
374,Keaton Wallace,25,ATL,PG,31,5,501,0.401,18,0.494,0.08,0.154,0.191,0.068,0.506,0.475,0.538,0.6,0.419,0.273,0.329,0.289,0.815,0.025,4,0.122,0.4,1,0,,wallake01
360,John Konchar,28,MEM,SG,46,4,558,0.451,18,0.319,0.22,0.066,0.033,0,0.681,0.621,0.7,0.5,0.333,,0.371,0.667,1,0.011,1,0.5,0.387,1,0,,konchjo01
179,Dalton Knecht,23,LAL,SF,78,16,1494,0.461,18.1,0.39,0.162,0.12,0.075,0.032,0.61,0.594,0.789,0.448,0.5,0.389,0.376,0.744,0.922,0.095,45,0.268,0.407,2,0,,knechda01
147,Georges Niang,31,2TM,PF,79,3,1697,0.461,18.1,0.34,0.139,0.158,0.035,0.008,0.66,0.569,0.64,0.571,0.364,0.2,0.406,0.833,0.988,0,0,0.377,0.409,0,0,,niangge01
484,De'Anthony Melton,26,GSW,SG,6,2,121,0.407,18.2,0.352,0.13,0.185,0.037,0,0.648,0.474,0.286,0.7,0,,0.371,0.444,0.923,0.037,2,0.114,0.75,0,0,,meltode01
445,Branden Carlson,25,OKC,C,32,0,246,0.443,18.3,0.32,0.186,0.124,0,0.01,0.68,0.677,0.778,0.583,,0,0.333,0.524,1,0.124,10,0.273,0.333,0,0,,carlsbr01
30,Tyrese Haliburton,24,IND,PG,73,73,2451,0.473,19.3,0.441,0.101,0.14,0.107,0.092,0.559,0.581,0.725,0.582,0.546,0.462,0.388,0.391,0.528,0.024,22,0.073,0.439,9,0,NBA3,halibty01
230,Ben Sheppard,23,IND,SG,63,9,1228,0.418,18.3,0.307,0.164,0.105,0.024,0.014,0.693,0.591,0.702,0.433,0.571,0.5,0.342,0.731,0.985,0.007,2,0.578,0.339,0,0,,sheppbe01
386,Collin Gillespie,25,PHO,PG,33,9,461,0.43,18.3,0.43,0.101,0.19,0.101,0.038,0.57,0.426,0.5,0.4,0.313,0.667,0.433,0.276,0.795,0,0,0.189,0.529,2,0,,gilleco01
406,Reggie Jackson,34,PHI,PG,31,1,384,0.391,18.3,0.444,0.128,0.158,0.083,0.075,0.556,0.458,0.647,0.524,0.273,0.2,0.338,0.444,0.8,0,0,0.189,0.429,1,0,,jacksre01
181,D'Angelo Russell,28,2TM,PG,58,36,1480,0.39,18.4,0.436,0.1,0.176,0.121,0.039,0.564,0.489,0.703,0.491,0.377,0.28,0.314,0.449,0.584,0.002,0,0.089,0.281,2,0,,russeda01
162,Miles McBride,24,NYK,PG,64,10,1593,0.406,18.3,0.43,0.141,0.101,0.11,0.079,0.57,0.455,0.494,0.327,0.55,0.419,0.369,0.393,0.809,0.026,10,0.276,0.395,3,0,,mcbrimi01
492,Pacome Dadiet,19,NYK,SG,18,0,111,0.323,18.4,0.387,0.129,0.097,0.032,0.129,0.613,0.333,0.5,0,0,0.5,0.316,1,1,0,0,0.421,0.125,0,0,,dadiepa01
404,Jeff Green,38,HOU,PF,32,3,396,0.504,18.5,0.347,0.124,0.099,0.091,0.033,0.653,0.762,0.8,0.75,0.636,1,0.367,0.531,0.966,0.074,9,0.506,0.4,0,0,,greenje02
328,Quinten Post,24,GSW,PF,42,14,686,0.449,18.5,0.347,0.128,0.182,0.015,0.022,0.653,0.526,0.543,0.5,0.75,0.5,0.408,0.82,1,0.033,7,0.268,0.417,1,0,,postqu01
256,Cameron Payne,30,NYK,PG,72,5,1090,0.401,17.8,0.426,0.128,0.209,0.065,0.025,0.574,0.453,0.526,0.441,0.379,0.364,0.363,0.302,0.645,0,0,0.094,0.375,0,0,,payneca01
199,Nick Smith Jr.,20,CHO,SG,60,27,1369,0.391,18.5,0.461,0.069,0.174,0.158,0.06,0.539,0.45,0.59,0.404,0.467,0.382,0.34,0.381,0.817,0.004,2,0.193,0.356,1,0,,smithni01
544,Daniss Jenkins,23,DET,PG,7,0,23,0.3,18.5,0.3,0.3,0,0,0,0.7,0.667,0.667,,,,0.143,0,0,0,0,0.143,0,0,0,,jenkida01
471,Josh Richardson,31,MIA,SG,8,0,150,0.289,18.5,0.421,0.105,0.184,0.026,0.105,0.579,0.313,0.5,0.286,0,0.25,0.273,1,1,0,0,0.227,0.2,0,0,,richajo01
512,Matt Ryan,27,NYK,SF,19,0,68,0.323,18.6,0.387,0.097,0.129,0.097,0.065,0.613,0.333,1,0.25,0,0,0.316,1,1,0,0,0.421,0.25,0,0,,ryanma01
187,Brice Sensabaugh,21,UTA,SF,71,15,1432,0.459,18.7,0.379,0.075,0.172,0.11,0.022,0.621,0.52,0.711,0.495,0.455,0.385,0.422,0.585,0.86,0.008,5,0.306,0.509,1,0,,sensabr01
207,Bogdan Bogdanović,32,2TM,SG,54,4,1348,0.427,18.7,0.413,0.11,0.128,0.12,0.055,0.587,0.517,0.574,0.476,0.525,0.481,0.363,0.524,0.848,0.002,1,0.208,0.367,1,0,,bogdabo01
125,Dorian Finney-Smith,31,2TM,PF,63,40,1818,0.448,18.8,0.278,0.182,0.074,0.018,0.005,0.722,0.545,0.62,0.375,0.5,0.5,0.411,0.697,0.992,0.037,14,0.382,0.45,1,0,,finnedo01
325,Micah Potter,26,UTA,C,38,10,705,0.422,18.8,0.274,0.156,0.096,0.015,0.007,0.726,0.703,0.81,0.538,0.5,1,0.316,0.654,1,0.111,13,0.571,0.321,0,0,,pottemi01
91,Jordan Poole,25,WAS,SG,68,68,2001,0.432,18.8,0.412,0.166,0.156,0.056,0.034,0.588,0.51,0.703,0.412,0.271,0.417,0.378,0.347,0.574,0.01,10,0.087,0.333,3,0,,poolejo01
150,Kevin Huerter,26,2TM,SG,69,31,1679,0.425,18.8,0.353,0.134,0.151,0.04,0.028,0.647,0.587,0.765,0.505,0.458,0.353,0.338,0.76,0.932,0.015,8,0.23,0.389,1,0,,huertke01
506,Taylor Hendricks,21,UTA,PF,3,3,75,0.222,18.8,0.333,0.056,0.167,0.111,0,0.667,0.167,0,0.333,0,,0.25,1,1,0.056,1,0.583,0.429,0,0,,hendrta01
332,Jalen Pickett,25,DEN,SG,49,4,666,0.428,18.8,0.439,0.072,0.133,0.133,0.1,0.561,0.468,0.692,0.625,0.292,0.333,0.396,0.432,0.725,0,0,0.356,0.472,1,0,,pickeja02
259,Seth Curry,34,CHO,SG,68,14,1062,0.478,18.8,0.469,0.067,0.117,0.122,0.163,0.531,0.503,0.826,0.35,0.429,0.536,0.456,0.593,0.843,0,0,0.297,0.537,0,0,,curryse01
280,Brandon Miller,22,CHO,SF,27,27,924,0.403,19,0.403,0.112,0.159,0.096,0.037,0.597,0.475,0.727,0.41,0.362,0.278,0.355,0.511,0.808,0.037,17,0.082,0.333,4,0,,millebr02
152,Al Horford,38,BOS,C,60,42,1659,0.423,19,0.319,0.119,0.163,0.015,0.022,0.681,0.551,0.745,0.467,0.429,0.2,0.363,0.827,0.991,0.017,8,0.318,0.39,1,0,,horfoal01
381,Lonnie Walker IV,26,PHI,SG,20,7,477,0.42,19,0.401,0.165,0.099,0.061,0.075,0.599,0.518,0.686,0.333,0.462,0.438,0.354,0.591,0.778,0.028,5,0.142,0.333,3,0,,walkelo01
441,Cam Spencer,24,MEM,SG,25,1,252,0.415,19,0.366,0.098,0.134,0.098,0.037,0.634,0.5,0.625,0.545,0.5,0,0.365,0.867,0.947,0,0,0.115,0.333,0,0,,spencca01
62,Tyus Jones,28,PHO,PG,81,58,2174,0.448,18.3,0.413,0.06,0.174,0.16,0.019,0.587,0.496,0.78,0.479,0.422,0.385,0.414,0.393,0.873,0,0,0.344,0.5,0,0,,jonesty01
128,Kyshawn George,21,WAS,SG,68,38,1802,0.372,19.1,0.352,0.159,0.132,0.049,0.011,0.648,0.464,0.609,0.347,0.37,0.167,0.322,0.573,0.921,0.026,11,0.192,0.353,3,0,,georgky01
183,Luke Kennard,28,MEM,SG,65,11,1472,0.478,19.1,0.394,0.074,0.128,0.132,0.06,0.606,0.547,0.75,0.473,0.561,0.423,0.433,0.538,0.947,0.002,1,0.241,0.54,1,0,,kennalu01
549,Taze Moore,26,POR,SG,2,0,20,0.2,19.1,0.6,0.2,0.3,0.1,0,0.4,0.167,0.5,0,0,,0.25,0,1,0.1,1,0,,1,0,,mooreta02
265,Noah Clowney,20,BRK,PF,46,20,1042,0.358,19.2,0.298,0.142,0.118,0.035,0.003,0.702,0.414,0.642,0.205,0.231,0,0.333,0.696,0.954,0.065,17,0.249,0.338,1,0,,clownno01
458,Chuma Okeke,26,2TM,PF,9,3,196,0.5,19.2,0.3,0.3,0,0,0,0.7,0.75,0.75,,,,0.393,0.444,1,0.125,3,0.429,0.5,0,0,,okekech01
218,Johnny Juzang,23,UTA,SG,64,18,1270,0.429,19.2,0.339,0.072,0.16,0.069,0.038,0.661,0.534,0.676,0.513,0.424,0.556,0.376,0.605,0.89,0.006,3,0.395,0.419,0,0,,juzanjo01
101,Julian Champagnie,23,SAS,SF,82,29,1932,0.415,19.3,0.278,0.159,0.095,0.009,0.015,0.722,0.53,0.623,0.381,0.667,0.4,0.371,0.735,0.972,0.047,23,0.302,0.421,1,0,,champju02
202,Jose Alvarado,26,NOP,PG,56,23,1366,0.392,17.9,0.407,0.136,0.177,0.081,0.013,0.593,0.439,0.563,0.348,0.452,0.286,0.359,0.376,0.703,0,0,0.207,0.359,1,0,,alvarjo01
212,Jordan Hawkins,22,NOP,SG,56,9,1321,0.372,19.3,0.403,0.092,0.092,0.119,0.101,0.597,0.433,0.549,0.353,0.5,0.321,0.331,0.629,0.909,0.036,16,0.232,0.403,0,0,,hawkijo01
46,Kentavious Caldwell-Pope,31,ORL,SG,77,77,2279,0.439,19.3,0.393,0.123,0.063,0.064,0.143,0.607,0.589,0.761,0.412,0.543,0.538,0.342,0.698,0.929,0.029,16,0.348,0.339,0,0,,caldwke01
317,Landry Shamet,27,NYK,SG,50,0,762,0.461,19.3,0.322,0.135,0.07,0.087,0.03,0.678,0.595,0.71,0.438,0.65,0.286,0.397,0.818,0.919,0.013,3,0.397,0.468,1,0,,shamela01
74,Fred VanVleet,30,HOU,PG,60,60,2111,0.378,20.2,0.393,0.095,0.111,0.07,0.117,0.607,0.43,0.528,0.393,0.434,0.382,0.345,0.234,0.623,0,0,0.093,0.326,8,0,,vanvlfr01
489,Joe Ingles,37,MIN,SF,19,1,114,0.261,19.4,0.348,0.043,0.217,0.043,0.043,0.652,0.375,0,0.4,1,0,0.2,1,1,0,0,0.133,0,0,0,,inglejo01
51,Stephen Curry,36,GSW,PG,70,70,2252,0.448,20,0.377,0.083,0.171,0.07,0.053,0.623,0.534,0.673,0.488,0.455,0.567,0.397,0.478,0.704,0.001,1,0.101,0.494,6,1,MVP-9CPOY-5ASNBA2,curryst01
81,Luguentz Dort,25,OKC,SF,71,71,2073,0.435,19.5,0.304,0.123,0.094,0.059,0.027,0.696,0.489,0.589,0.375,0.429,0.563,0.412,0.67,0.959,0.032,14,0.259,0.421,0,0,DPOY-4DEF1,dortlu01
428,Torrey Craig,34,2TM,SF,26,4,314,0.422,19.5,0.267,0.167,0.067,0.022,0.011,0.733,0.583,0.667,0.333,1,0,0.364,0.714,0.958,0.056,4,0.424,0.286,0,0,,craigto01
336,Reed Sheppard,20,HOU,PG,52,3,654,0.351,19.5,0.406,0.088,0.109,0.151,0.059,0.594,0.371,0.667,0.269,0.278,0.357,0.338,0.333,0.833,0.008,1,0.169,0.25,0,0,,sheppre01
427,Jordan McLaughlin,28,2TM,PG,46,0,314,0.431,19.5,0.361,0.097,0.139,0.083,0.042,0.639,0.462,0.571,0.4,0.333,0.667,0.413,0.417,0.684,0,0,0.283,0.231,1,0,,mclaujo01
476,Elijah Harkless,24,UTA,SG,10,0,138,0.314,19.6,0.286,0.114,0.114,0.057,0,0.714,0.4,0.75,0.25,0,,0.28,0.75,0.857,0,0,0.32,0.375,0,0,,harklej01
309,Jaylin Williams,22,OKC,PF,47,9,784,0.439,19.7,0.308,0.149,0.086,0.059,0.014,0.692,0.529,0.606,0.526,0.385,0.333,0.399,0.639,0.967,0.059,9,0.144,0.636,1,0,,willija07
318,Svi Mykhailiuk,27,UTA,SF,38,13,760,0.391,19.7,0.328,0.089,0.156,0.066,0.017,0.672,0.485,0.63,0.404,0.5,0.4,0.345,0.375,0.786,0.013,4,0.236,0.375,2,0,,mykhasv01
481,Alex Ducas,24,OKC,SG,21,0,125,0.4,19.7,0.3,0.133,0.067,0.033,0.067,0.7,0.222,0.25,0,0,0.5,0.476,1,1,0,0,0.429,0.556,0,0,,ducasal01
99,Keon Ellis,25,SAC,SG,80,28,1948,0.489,19.8,0.308,0.103,0.119,0.056,0.03,0.692,0.615,0.833,0.6,0.308,0.5,0.433,0.682,0.921,0.05,23,0.324,0.51,0,0,,elliske01
130,Duncan Robinson,30,MIA,SF,74,37,1785,0.437,19.9,0.271,0.122,0.128,0.018,0.003,0.729,0.556,0.642,0.518,0.333,0,0.393,0.76,0.884,0.012,6,0.184,0.427,0,0,,robindu01
315,Eric Gordon,36,PHI,SG,39,13,768,0.426,19.9,0.328,0.152,0.142,0.025,0.01,0.672,0.463,0.613,0.276,0.8,0,0.409,0.71,0.946,0.005,0,0.124,0.529,2,0,,gordoer01
466,Markieff Morris,35,2TM,PF,15,2,165,0.3,19.9,0.486,0.071,0.071,0.243,0.1,0.514,0.353,0.2,0.4,0.353,0.429,0.25,0.667,1,0,0,0.306,0.091,1,0,,morrima02
115,Buddy Hield,32,GSW,SG,82,22,1863,0.417,20,0.302,0.093,0.127,0.041,0.041,0.698,0.527,0.726,0.5,0.406,0.281,0.37,0.616,0.931,0.011,9,0.233,0.367,1,0,,hieldbu01
168,Grayson Allen,29,PHO,SG,64,7,1544,0.448,20,0.284,0.102,0.139,0.039,0.004,0.716,0.504,0.68,0.441,0.263,0.5,0.426,0.7,0.966,0.018,8,0.263,0.489,0,0,,allengr01
43,Chris Paul,39,SAS,PG,82,82,2292,0.427,21.2,0.364,0.026,0.048,0.189,0.101,0.636,0.514,0.8,0.536,0.518,0.424,0.377,0.22,0.493,0,0,0.127,0.34,2,0,,paulch01
94,Klay Thompson,34,DAL,SF,72,72,1965,0.412,20.1,0.369,0.067,0.081,0.105,0.116,0.631,0.448,0.712,0.38,0.37,0.412,0.391,0.69,0.944,0.002,2,0.264,0.39,0,0,,thompkl01
68,Tim Hardaway Jr.,32,DET,SG,77,77,2153,0.406,20.2,0.328,0.082,0.1,0.072,0.074,0.672,0.484,0.679,0.485,0.469,0.28,0.368,0.815,0.923,0.016,8,0.241,0.373,0,0,,hardati02
136,Mike Conley,37,MIN,PG,71,64,1756,0.4,19.4,0.338,0.077,0.15,0.081,0.03,0.662,0.38,0.583,0.371,0.342,0,0.41,0.433,0.819,0,0,0.268,0.494,1,0,,conlemi01
423,Jevon Carter,29,CHI,PG,36,1,321,0.377,20.3,0.281,0.103,0.082,0.068,0.027,0.719,0.488,0.533,0.417,0.5,0.5,0.333,0.6,0.743,0.007,1,0.238,0.4,0,0,,carteje01
521,E.J. Liddell,24,CHI,PF,12,0,53,0.533,20.3,0.333,0.133,0.133,0.067,0,0.667,1,1,1,1,,0.3,0.6,1,0,0,0,,0,0,,liddeej01
264,Jamison Battle,23,TOR,SF,59,10,1042,0.429,20.4,0.254,0.098,0.075,0.058,0.023,0.746,0.5,0.588,0.385,0.5,0.5,0.405,0.818,0.971,0.02,4,0.394,0.412,0,0,,battlja01
106,Gary Trent Jr.,26,MIL,SG,74,9,1893,0.431,20.4,0.341,0.072,0.079,0.111,0.079,0.659,0.46,0.574,0.404,0.493,0.365,0.416,0.476,0.906,0.003,1,0.217,0.489,0,0,,trentga02
345,Cory Joseph,33,ORL,PG,50,16,612,0.403,20.4,0.305,0.091,0.11,0.052,0.052,0.695,0.489,0.643,0.412,0.375,0.5,0.364,0.391,0.872,0,0,0.215,0.304,1,0,,josepco01
551,Ron Harper Jr.,24,DET,SF,1,0,17,0.125,20.4,0.25,0.125,0.125,0,0,0.75,0.5,0,1,,,0,1,,0,0,0.5,0,0,0,,harpero02
158,Donte DiVincenzo,28,MIN,SG,62,10,1606,0.422,20.5,0.261,0.126,0.106,0.024,0.005,0.739,0.49,0.627,0.365,0.357,0.333,0.397,0.592,0.851,0.013,5,0.196,0.419,2,0,,divindo01
217,Max Strus,28,CLE,SF,50,37,1273,0.442,20.6,0.214,0.134,0.078,0,0.003,0.786,0.65,0.78,0.448,,0,0.386,0.731,0.965,0.035,10,0.304,0.382,1,0,,strusma01
495,Jae Crowder,34,SAC,PF,9,2,103,0.318,20.6,0.318,0,0.136,0.091,0.091,0.682,0.429,,0.333,0.5,0.5,0.267,0.667,1,0,0,0.533,0.25,0,0,,crowdja01
20,Derrick White,30,BOS,SG,76,76,2574,0.442,20.7,0.279,0.084,0.121,0.05,0.024,0.721,0.593,0.716,0.586,0.563,0.261,0.384,0.465,0.808,0.009,8,0.171,0.432,0,0,DPOY-10,whitede01
324,Gary Harris,30,ORL,SG,48,3,711,0.383,20.7,0.241,0.06,0.128,0.023,0.03,0.759,0.469,0.625,0.412,0.333,0.5,0.356,0.6,0.972,0.008,1,0.426,0.372,0,0,,harriga01
45,Malik Beasley,28,DET,SG,82,18,2283,0.43,20.8,0.285,0.057,0.132,0.055,0.041,0.715,0.466,0.656,0.447,0.356,0.409,0.416,0.634,0.937,0.022,20,0.209,0.531,2,0,6MOY-2,beaslma01
326,Jett Howard,21,ORL,SF,60,0,701,0.374,20.8,0.29,0.103,0.092,0.027,0.069,0.71,0.566,0.741,0.458,0.714,0.389,0.296,0.488,0.909,0.027,3,0.247,0.37,2,0,,howarje01
305,Aaron Holiday,28,HOU,PG,62,3,792,0.437,20.8,0.325,0.06,0.131,0.075,0.06,0.675,0.517,0.75,0.486,0.4,0.5,0.398,0.378,0.819,0,0,0.177,0.469,1,0,,holidaa01
293,Alec Burks,33,MIA,SG,49,14,863,0.424,20.8,0.236,0.059,0.1,0.041,0.037,0.764,0.422,0.5,0.296,0.545,0.5,0.425,0.556,0.955,0,0,0.488,0.406,1,0,,burksal01
510,RayJ Dennis,23,IND,PG,11,0,70,0.333,20.9,0.364,0.061,0.152,0.091,0.061,0.636,0.417,1,0.2,0,1,0.286,0.2,0.667,0,0,0.143,0,1,0,,dennira01
222,Dean Wade,28,CLE,PF,59,30,1252,0.413,21,0.181,0.118,0.041,0.007,0.015,0.819,0.653,0.781,0.455,0.5,0.25,0.36,0.688,1,0.033,8,0.392,0.414,0,0,,wadede01
245,Vit Krejci,24,ATL,PG,57,16,1153,0.497,19.4,0.295,0.13,0.116,0.034,0.014,0.705,0.64,0.763,0.559,0.5,0.5,0.437,0.655,0.922,0.041,11,0.223,0.543,0,0,,krejcvi01
560,Terence Davis,27,SAC,SG,1,0,8,0,21.1,0.5,0,0,0.5,0,0.5,0,,,0,,0,,,0,0,0,,0,0,,daviste02
493,Patrick Baldwin Jr.,22,2TM,SF,24,0,107,0.543,21.2,0.343,0.229,0.114,0,0,0.657,0.5,0.625,0.25,,,0.565,0.833,1,0.114,4,0.174,0.75,0,0,,baldwpa01
121,Royce O'Neale,31,PHO,SF,75,22,1837,0.423,21.2,0.226,0.089,0.111,0.021,0.005,0.774,0.481,0.725,0.349,0.25,0,0.406,0.71,0.961,0.007,3,0.231,0.529,3,0,,onealro01
48,Payton Pritchard,27,BOS,PG,80,3,2271,0.472,21.3,0.277,0.112,0.09,0.044,0.031,0.723,0.642,0.794,0.615,0.447,0.444,0.407,0.247,0.804,0,0,0.157,0.469,8,0,6MOY-1,pritcpa01
446,Dariq Whitehead,20,BRK,SF,20,0,246,0.406,21.3,0.229,0.063,0.125,0.01,0.031,0.771,0.273,0.333,0.333,0,0,0.446,0.5,0.97,0.01,1,0.27,0.45,0,0,,whiteda01
407,Baylor Scheierman,24,BOS,SG,31,2,384,0.355,21.3,0.255,0.073,0.118,0.018,0.045,0.745,0.464,0.625,0.385,0,0.6,0.317,0.615,0.885,0,0,0.28,0.348,0,0,,scheiba01
171,Gabe Vincent,28,LAL,PG,72,11,1527,0.4,21,0.264,0.079,0.09,0.057,0.038,0.736,0.532,0.636,0.474,0.458,0.563,0.353,0.593,0.872,0,0,0.356,0.391,1,0,,vincega01
459,Drew Peterson,25,BOS,PF,25,1,186,0.415,21.4,0.195,0.098,0.073,0,0.024,0.805,0.5,0.25,0.667,,1,0.394,0.25,0.923,0,0,0.273,0.333,0,0,,peterdr01
528,Jack McVeigh,28,HOU,PF,9,0,43,0.294,21.5,0.235,0.059,0.059,0.059,0.059,0.765,0.25,0,0,1,0,0.308,0,1,0,0,0.462,0.5,0,0,,mcveija01
532,Miles Norris,24,BOS,PF,3,0,35,0.222,21.6,0.222,0.111,0.111,0,0,0.778,0,0,0,,,0.286,,1,0,0,0,,0,0,,norrimi01
457,Adam Flagler,25,OKC,SG,37,0,203,0.26,21.7,0.25,0.063,0.063,0.063,0.063,0.75,0.458,0.667,0.167,0.833,0.167,0.194,0.545,0.857,0,0,0.125,0,0,0,,flaglad01
470,Tyson Etienne,25,BRK,PG,7,0,151,0.327,21.9,0.154,0.096,0.058,0,0,0.846,0.5,0.4,0.667,,,0.295,1,1,0,0,0.318,0.429,0,0,,etienty01
312,Lindy Waters III,27,2TM,SG,52,9,778,0.369,22,0.253,0.064,0.092,0.052,0.044,0.747,0.444,0.438,0.565,0.231,0.455,0.344,0.714,0.938,0.02,4,0.312,0.328,0,0,,waterli01
201,Nicolas Batum,36,LAC,PF,78,8,1367,0.437,22.1,0.147,0.059,0.055,0.008,0.025,0.853,0.457,0.571,0.385,0,0.5,0.433,0.5,0.989,0.021,4,0.478,0.474,0,0,,batumni01
159,Isaiah Joe,25,OKC,SG,74,16,1604,0.44,22.3,0.207,0.07,0.049,0.054,0.034,0.793,0.549,0.805,0.517,0.313,0.45,0.412,0.791,0.911,0.015,9,0.18,0.548,0,0,,joeis01
449,Bones Hyland,24,2TM,PG,24,0,239,0.398,22.4,0.305,0.085,0.085,0.051,0.085,0.695,0.417,0.7,0.3,0.167,0.4,0.39,0.4,0.438,0.017,2,0.098,0.5,1,0,,hylanbo01
300,Garrison Mathews,28,ATL,SG,47,2,830,0.397,22.4,0.152,0.047,0.058,0.031,0.016,0.848,0.436,0.5,0.4,0.5,0.25,0.39,0.824,0.976,0.004,1,0.317,0.58,0,0,,mathega01
307,Caleb Houstan,22,ORL,SF,58,6,788,0.421,22.4,0.158,0.042,0.063,0.032,0.021,0.842,0.533,0.625,0.5,0.5,0.5,0.4,0.938,0.984,0.005,0,0.331,0.302,0,0,,houstca01
499,Yuki Kawamura,23,MEM,PG,22,0,93,0.367,22.4,0.233,0.067,0,0.133,0.033,0.767,0.571,0.5,,0.5,1,0.304,0.5,0.429,0,0,0.13,0.333,0,0,,kawamyu01
335,Kyle Lowry,38,PHI,PG,35,12,659,0.35,22.5,0.248,0.051,0.111,0.034,0.051,0.752,0.414,0.667,0.308,0.75,0.167,0.33,0.667,0.931,0,0,0.182,0.375,2,0,,lowryky01
195,Sam Merrill,28,CLE,SG,71,4,1401,0.406,22.7,0.132,0.085,0.028,0.005,0.014,0.868,0.625,0.722,0.5,0,0.5,0.372,0.8,0.993,0,0,0.22,0.383,0,0,,merrisa01
170,Sam Hauser,27,BOS,PF,71,19,1541,0.451,22.9,0.158,0.053,0.032,0.04,0.034,0.842,0.64,0.72,0.467,0.737,0.563,0.416,0.813,0.952,0.006,1,0.268,0.458,1,0,,hausesa01
313,Lonzo Ball,27,CHI,PG,35,14,777,0.366,23,0.198,0.07,0.058,0.037,0.033,0.802,0.458,0.529,0.5,0.333,0.375,0.344,0.545,0.881,0.021,4,0.221,0.372,4,0,,balllo01
424,Patty Mills,36,2TM,PG,29,0,321,0.375,23.1,0.219,0.021,0.094,0.031,0.073,0.781,0.476,0.5,0.556,0.333,0.429,0.347,0.5,0.769,0,0,0.147,0.455,0,0,,millspa02
477,Pete Nance,24,2TM,C,13,1,138,0.438,23.2,0.25,0.125,0.063,0,0.063,0.75,0.625,1,0,,0.5,0.375,0.8,1,0.063,2,0.083,0.5,1,0,,nancepe01
464,Cole Swider,25,2TM,SF,10,0,169,0.349,23.2,0.254,0.063,0.048,0.048,0.095,0.746,0.438,0.25,0.333,0.667,0.5,0.319,0.714,1,0,0,0.404,0.316,0,0,,swideco01
418,Doug McDermott,33,SAC,SF,42,3,342,0.427,23.3,0.137,0.043,0.043,0.026,0.026,0.863,0.375,0.6,0.2,0.333,0.333,0.436,1,1,0.009,1,0.277,0.464,0,0,,mcderdo01
507,Emoni Bates,21,CLE,SF,10,0,75,0.342,23.4,0.211,0.105,0,0.053,0.053,0.789,0.25,0.5,,0,0,0.367,0,0.909,0,0,0.1,0.667,0,0,,batesem01
518,P.J. Tucker,39,NYK,SF,3,1,58,0.429,23.9,0.143,0,0,0.143,0,0.857,0,,,0,,0.5,,1,0,0,0.833,0.6,0,0,,tuckepj01
153,A.J. Green,25,MIL,SG,73,7,1659,0.429,24,0.144,0.028,0.017,0.038,0.061,0.856,0.443,0.667,0.143,0.5,0.385,0.427,0.741,0.942,0,0,0.292,0.528,3,1,,greenaj01
533,PJ Dozier,28,MIN,SG,9,0,35,0.667,24.7,0,0,0,0,0,1,,,,,,0.667,,1,0,0,0.333,1,0,0,,doziepj01
554,Daishen Nix,22,MIN,PG,3,0,13,0,24.8,0,0,0,0,0,1,,,,,,0,,,0,0,0,,0,0,,nixda01
540,Jalen Bridges,23,PHO,SF,8,0,30,0.286,25.3,0,0,0,0,0,1,,,,,,0.286,,1,0,0,0.429,0.667,0,0,,bridgja01
559,Quincy Olivari,23,LAL,PG,2,0,10,0.2,25.8,0,0,0,0,0,1,,,,,,0.2,,1,0,0,0.2,0,0,0,,olivaqu01
562,Riley Minix,24,SAS,SF,1,0,7,0,30.4,0,0,0,0,0,1,,,,,,0,,,0,0,0,,0,0,,minixri01
569,Jahlil Okafor,29,IND,C,1,0,3,,,,,,,,,,,,,,,,,,0,,,0,0,,okafoja01
561,Jalen McDaniels,27,WAS,SF,4,0,7,,,,,,,,,,,,,,,,,,0,,,0,0,,mcdanja01
566,Jesse Edwards,24,MIN,C,2,0,5,,,,,,,,,,,,,,,,,,0,,,0,0,,edwarje01